District,school_name,地址,電話,傳真,電郵,網址,url,校長,校監/校管會主席
港島中西區,嘉諾撒聖心學校私立部,香港中環堅道26號,25248301,25371028,shcsps@shcsps.edu.hk,http://www.shcsps.edu.hk,https://www.schooland.hk/ps/shcsps,黃婉貞,黃佩玲修女 Sister Wong Pui Ling Virginia
港島中西區,聖類斯中學(小學部),香港西營盤第三街179號,25472306,37434571,info@stlouisps.edu.hk,https://stlouisps.edu.hk,https://www.schooland.hk/ps/stlouisps,陳靄媚女士 Ms. Chan Hoi Mei,陳鴻基神父 Fr. Chan Hung Kee
港島中西區,救恩學校,香港西營盤高街97B,21166198,25232835,kys-mail@kauyan.edu.hk,https://www.kauyan.edu.hk,https://www.schooland.hk/ps/kauyan,歐偉民博士 Dr. Au Wai Man,洪之龍先生 Mr. Hung Chi Lung
港島中西區,聖嘉勒小學,香港般咸道光景台3-6號,25472751,25594139,info@scps.edu.hk,https://scps.edu.hk,https://www.schooland.hk/ps/scps,李敏茵女士 Ms. Li Man Yan Elsa,黃詩麗女士 Ms. Wong She Lai Shirley
港島中西區,中華基督教青年會基雋小學,香港必列者士街70號,25372552,28587271,office@yca.edu.hk,https://yca.edu.hk/,https://www.schooland.hk/ps/ica,Mr Geoff Blaik,吳桂華先生
港島中西區,香島華德福學校,香港皇后大道西455號龍暉花園,51141451,,info@iws.edu.hk,https://iws.edu.hk/,https://www.schooland.hk/ps/iwshk,,徐瑩女士
港島中西區,李陞小學,香港西營盤高街119號,25408966,25405819,lsps@edb.gov.hk,https://www.lsps.edu.hk,https://www.schooland.hk/ps/lsps,余詠莉女士 Ms. Yu Wini,石慧嫻女士 Ms. Shek Wan Haan Kitty
港島中西區,般咸道官立小學,香港西營盤般咸道9A號,25171216,28576743,brgps@edb.gov.hk,http://www.brgps.edu.hk,https://www.schooland.hk/ps/brgps,李明佳先生 Mr. Lee Ming Kai Louie,林雨恒先生 Mr. Lam Yu Hang
港島中西區,聖公會聖馬太小學,香港上環新街12-20號,25483368,29754641,info@stmatthew.edu.hk,http://www.stmatthew.edu.hk,https://www.schooland.hk/ps/stmatthew,張敏聰先生 Mr. Cheung Man Chung,梁家佐牧師 Rev. Leung Ka Jor
港島中西區,天主教總堂區學校,香港中環律打街,25477618,25591595,cms@cms.edu.hk,http://www.cms.edu.hk,https://www.schooland.hk/ps/cms,宗藹雯,林銘神父 Rev. Lam Minh Pierre
港島中西區,英皇書院同學會小學第二校,香港上環普慶坊40號,25477575,25473555,office@kcobaps2.edu.hk,https://www.kcobaps2.edu.hk,https://www.schooland.hk/ps/kcobaps2,林淑芳女士 Ms. Lam Shuk Fong,林仲岷先生 Mr. Lam Nathaniel
港島中西區,新會商會學校,香港上環居賢坊1號,25465712,25405830,info@swcss.edu.hk,http://www.swcss.edu.hk,https://www.schooland.hk/ps/swcss,胡立峰先生 Mr. Oh Lap Fung,梁世光先生 Mr. Leung Sai Kwong
港島中西區,中西區聖安多尼學校,香港上環醫院道2號,25460369,25460302,sch@cwsa.edu.hk,https://www.cwsa.edu.hk,https://www.schooland.hk/ps/cwsa,郭達華先生 Mr. Kwok Tat Wah,蘇志超神父 Father So Chi Chiu Joseph
港島中西區,嘉諾撒聖心學校,香港中環堅道26號,25248679,28698154,shcs@shcs.edu.hk,https://www.shcs.edu.hk,https://www.schooland.hk/ps/shcs,何嘉儀女士 Ms. Ho Ka Yee Martina,李玉珊女士 Ms. Lee Yuk Shan Rossetti
港島中西區,聖士提反女子中學附屬小學,香港柏道33號,25405088,25414723,info@ssgps.edu.hk,http://www.ssgps.edu.hk,https://www.schooland.hk/ps/ssgps,柯靜如女士 Ms. Or Ching Yu,管浩鳴法政牧師 Rev. The Reverend Canon Koon Ho Ming Peter Douglas
港島中西區,香港潮商學校,香港薄扶林道79B,25461644,25172483,info@csshk.edu.hk,https://www.csshk.edu.hk,https://www.schooland.hk/ps/csshk,詹漢銘先生 Mr. Chim Hon Ming,鄭敬凱博士 Dr. Cheng King Hoi Andrew
港島中西區,英皇書院同學會小學,香港上環必列者士街58號,25477468,25405634,info@kcobaps1.edu.hk,https://www.kcobaps1.edu.hk,https://www.schooland.hk/ps/kcobaps1,屈嘉曼女士 Ms. Wat Ka Man,林仲岷先生 Mr. Lam Nathaniel
港島中西區,聖公會基恩小學,香港中環荷李活道109號,25240896,25217247,Info@skhkyps.edu.hk,http://www.skhkyps.edu.hk,https://www.schooland.hk/ps/skhkyps,楊冠如女士 Ms. Yeung Kwun Yu,林振偉法政牧師 Rev. Lam Chun Wai
港島中西區,聖嘉祿學校,香港堅尼地城蒲飛路25號,28173325,28177813,stcharles@mail.stcharles.edu.hk,http://www.stcharles.edu.hk,https://www.schooland.hk/ps/stcharles,李永佳先生 Mr. Li Wing Kai,何麗君女士 Ms. Ho Lai Kwan
港島中西區,聖公會呂明才紀念小學,香港西環加惠民道31號,28172305,28173950,info@skhlmcmps.edu.hk,http://www.skhlmcmps.edu.hk,https://www.schooland.hk/ps/skhlmcmps,李燕芬女士 Ms. Lee Yin Fun,呂兆衛先生 Mr. Lui Shiu Wai
港島中西區,聖安多尼學校,香港薄扶林道69號A,25466263,25405908,stanthonys@stanthonys.edu.hk,https://www.stanthonys.edu.hk,https://www.schooland.hk/ps/stanthonys,馬嘉健先生 Mr. Ma Kar Kin,吳多祿神父 Father Ng Dor Lok Peter
港島中西區,聖公會聖彼得小學,香港西營盤山道88號,25462624,28587052,info@spps.edu.hk,https://www.spps.edu.hk,https://www.schooland.hk/ps/spps,黎可欣女士 Ms. Lai Ho Yan Debbie,鄭詩敏女士 Ms. Chang See Mun Lily
港島東區,港大同學會小學,香港柴灣怡盛街9號,22023922,22023914,info@hkugaps.edu.hk,http://www.hkugaps.edu.hk,https://www.schooland.hk/ps/hkugaps,黃衛宗先生 Mr. Wong Wai Chung,鄧艷文博士 Dr. Tang Yim Man
港島東區,漢華中學(小學部),香港小西灣富欣道3號,28171746,28176453,info@honwah.edu.hk,http://www.honwah.edu.hk,https://www.schooland.hk/ps/honwah,關穎斌先生 Mr. Kwan Wing Bun,崔綺雲博士 Dr. Tsui Yee Wan Linda
港島東區,蘇浙小學校,香港北角清華街30號,25704436,28072739,enquiry@kcs.edu.hk,https://www.kcs.edu.hk,https://www.schooland.hk/ps/kcps2,王寶明先生 Mr. Wong Po Ming,張浩然先生 Mr. Chang Albert Ho Yin
港島東區,北角官立小學,香港北角英皇道888號,25617130,25628814,npgps@edb.gov.hk,http://www.npgps.edu.hk,https://www.schooland.hk/ps/npgps,葉韻婷女士 Ms. Ip Wan Ting Belinda,梁柏偉先生 Mr. Leung Pak Wai
港島東區,聖公會聖米迦勒小學,香港北角炮台山道23號,25709473,25034378,info@skhsms.edu.hk,http://www.skhsms.edu.hk,https://www.schooland.hk/ps/skhsms,陳裕均先生 Mr. Chan Yu Kwan,林振偉牧師 Rev. Lam Chun Wai
港島東區,北角循道學校,香港北角百福道15號,25619693,25627860,info@cmsnp.edu.hk,https://www.cmsnp.edu.hk,https://www.schooland.hk/ps/cmsnp,鄭家明,梁灼輝先生 Mr. Leung Cheuk Fai
港島東區,佛教中華康山學校,香港鰂魚涌康愉街2號,28844115,25679897,info@bcwkps.edu.hk,https://www.bcwkps.edu.hk,https://www.schooland.hk/ps/bcwkps,馬中駿先生 Mr. Ma Chung Tsun,釋演慈女法師 Ven. Sik Yin Chi
港島東區,香港嘉諾撒學校,香港鰂魚涌海澤街8號,25610115,25627840,info@canossahk.edu.hk,https://www.canossahk.edu.hk,https://www.schooland.hk/ps/canossahk,方碧燕女士 Ms. Fong Pik Yin Sikkie,邵苑芬修女 Sister Shiu Yuen Fun Magdalen
港島東區,丹拿山循道學校,北角百福道4號,25615822,25615800,info@cmsth.edu.hk,http://www.cmsth.edu.hk,https://www.schooland.hk/ps/cmsth,徐婉碧女士 Ms. Chui Yuen Pik,陳德昌牧師 Rev. Chan Tak Cheong
港島東區,啟基學校(港島),香港北角馬寶道82號,25610821,25610839,ccshki@ccshki.edu.hk,http://www.ccshki.edu.hk,https://www.schooland.hk/ps/ccshki,鄭惠琪女士 Ms. Cheng Wai Ki,馬偉雄先生 Mr. Ma Wai Hung Vincent
港島東區,滬江小學,香港鰂魚涌康怡花園康盛街14號,28844775,25398088,sap-mail@sap.edu.hk,https://www.sap.edu.hk,https://www.schooland.hk/ps/sap,樂凱欣女士 Ms. Lok Hoi Yan,林貝聿嘉博士 Dr. Lam Pei Peggy
港島東區,太古小學,香港英皇道1100號,25615555,28563550,taikoo@tps.edu.hk,http://www.tps.edu.hk,https://www.schooland.hk/ps/tps,葉碧君女士 Ms. Ip Bik Kwan,陳婷婷女士 Ms. Chan Teing Teing Tina
港島東區,番禺會所華仁小學,香港北角百福道2號,25722140,25724970,school@puwy.edu.hk,http://www.puwy.edu.hk/,https://www.schooland.hk/ps/puawyps,周秉濤先生 Mr. Chow Ping To James,鍾衞良先生 Mr. Chung Wai Leung
港島東區,北角衞理小學,香港北角百福道2A號,25703623,25107285,npm-info@npmps.edu.hk,https://www.npmps.edu.hk,https://www.schooland.hk/ps/npmps,黃侶詩女士 Ms. Wong Lui Sze,曾立基先生 Mr. Tsang Lap Ki Richard
港島東區,愛秩序灣官立小學,香港筲箕灣愛禮街1號,25611118,25628437,abgps@edb.gov.hk,https://www.abgps.edu.hk,https://www.schooland.hk/ps/abgps,崔家祥先生 Mr. Chui Ka Cheung,梁蘊儀女士 Ms. Wendy Leung
港島東區,筲箕灣官立小學,香港筲箕灣東大街19號,25692532,25689504,skwgps@edb.gov.hk,https://www.skwgps.edu.hk,https://www.schooland.hk/ps/skwgps,王偉傑先生 Mr. Wong Wai Kit,"梁詠珊女士 Ms. Leung Wing Shan, Magnolia"
港島東區,慈幼學校,香港筲箕灣柴灣道16號,28850032,25689450,mail@salesian.edu.hk,http://salesian.edu.hk,https://www.schooland.hk/ps/salesian,許劍園女士 Ms. Hsu Kim-Yuen,林仲偉神父 Fr. Lam Chung Wai
港島東區,基灣小學愛蝶灣,筲箕灣愛信道39號,29154140,25390988,school@ccckeiwan.edu.hk,http://www.ccckeiwan.edu.hk,https://www.schooland.hk/ps/ccckeiwan,黃靜雯博士 Dr. Wong Ching Man,岑國欣教授 Prof. Shum Kwok Yan Daisy
港島東區,勵志會梁李秀娛紀念小學,香港筲箕灣耀東邨耀興道25號,29679622,28843277,llsy@llsy.edu.hk,http://www.llsy.edu.hk,https://www.schooland.hk/ps/llsy,陳桂英女士 Ms. Chan Kwai Ying,鄧慧蘭教授 Prof. Tang Wai Lan
港島東區,基灣小學,香港筲箕灣西灣河街63號,25608007,28854050,info@keiwan.edu.hk,http://www.keiwan.edu.hk,https://www.schooland.hk/ps/keiwan,林偉雄先生 Mr. Lam Wai Hung,翁傳鏗先生 Mr. Yung Chuen Hung
港島東區,信愛學校,香港柴灣漁灣邨第2座校舍,25562442,28984212,elchk@cwflls.edu.hk,http://www.cwflls.edu.hk,https://www.schooland.hk/ps/cwflls,林雅芬女士 Ms. Lam Nga Fun,張燕群女士 Ms. Cheung Yin Kwan
港島東區,天主教明德學校,香港柴灣祥民道11號,25572244,25575324,mtcs@mengtak.edu.hk,https://www.mengtak.edu.hk/,https://www.schooland.hk/ps/mengtakps,許加路先生 Mr. Hui Carlo,"譚永明神父 Rev. Tam, Paul Wing Ming"
港島東區,培僑小學,柴灣小西灣富怡道12號,28977866,28977883,puikiu@pkps.edu.hk,http://www.pkps.edu.hk,https://www.schooland.hk/ps/pkps,吳佳筠女士 Ms. Ng Kai Kwan,周世耀先生 Mr. Chau Sai Yiu
港島東區,聖公會柴灣聖米迦勒小學,香港柴灣柴灣道380號,31028101,31022023,info@skhcwsms.edu.hk,http://www.skhcwsms.edu.hk,https://www.schooland.hk/ps/skhcwsms,羅卓賢先生 Mr. Law Cheuk Yin,鄭卓生博士 Dr. Cheng Cheuk Sang
港島東區,筲箕灣崇真學校,香港筲箕灣巴色道3號,25606272,25689410,info@skwtts.edu.hk,http://www.skwtts.edu.hk,https://www.schooland.hk/ps/skwtts,關唐裕先生 Mr. Kwan Tong Yu,許潔儀女士 Ms. Hui Kit Yee
港島東區,丘佐榮學校,香港筲箕灣西灣河街61號,25602051,25689445,info@hkcwc-htyps.edu.hk,http://www.hkcwc-htyps.edu.hk,https://www.schooland.hk/ps/hkcwc-htyps,鍾寶來,靳羽珊女士 Ms. Kan Yu San
港島東區,救世軍韋理夫人紀念學校,香港柴灣盛泰道100號杏花邨平台,25582111,28984377,info@annwyllie.edu.hk,https://www.annwyllie.edu.hk,https://www.schooland.hk/ps/annwyllie,程志祥先生 Mr. Ching Chi Cheung,曹錦昌先生 Mr. Cho Kam Cheong
港島東區,救世軍中原慈善基金學校,香港柴灣華廈街9號,25562292,25562722,info@saccf.edu.hk,http://www.saccf.edu.hk,https://www.schooland.hk/ps/saccf,鄧世豪先生 Mr. Tang Sai Ho,曹錦昌先生 Mr. Cho Kam Cheong
灣仔區,高主教書院小學部,香港灣仔司徒拔道肇輝臺1E,25221826,25217652,rcps@raimondi.edu.hk,http://rcps.raimondi.edu.hk,https://www.schooland.hk/ps/rcps,林銀燕女士 Ms. Lam Ngan Yin,盧詠琴女士 Ms. Lo Wing Kum
灣仔區,香港真光中學小學部,香港大坑道50號,25765716,28824557,enquiry@tlmshkps.edu.hk,https://www.tlmshkps.edu.hk,https://www.schooland.hk/ps/tlmshkps,戴詠賢博士 Dr. Tai Wing Yin,"萬玉鳴女士 Ms. Man Yuk Ming, Arita"
灣仔區,聖保祿學校(小學部),香港銅鑼灣禮頓道140號,25760601,25778433,corr@spcspr.edu.hk,http://www.spcspr.edu.hk,https://www.schooland.hk/ps/spcspr,高淑佩女士 Ms. Ko Suk Pui Magdalena,古穗生修女 Sister Koo Sui Sang Susan
灣仔區,香港道爾頓學校,香港灣仔司徒拔道41B,36124660,36124666,info@dshk.edu.hk,https://dshk.edu.hk/,https://www.schooland.hk/ps/dshk,潘尚融,杜巧賢女士
灣仔區,保良局建造商會學校,香港天后廟道62號,28071770,,admissions@plkis.edu.hk,https://plkis.edu.hk,https://www.schooland.hk/ps/plkis,Mr Priest David,陳修杰先生
灣仔區,禮仁小學,香港銅鑼灣加路連山道77號,98398113,24998001,admissions@aiprimary.hk,https://aiprimary.hk/,https://www.schooland.hk/ps/caps,吳文緯先生 Mr. Raymond Ng,溫偉麟先生 Mr. Alan Wan
灣仔區,北角官立小學(雲景道),香港北角雲景道22號,21229494,21229422,school@npcvr.edu.hk,https://www.npcvr.edu.hk,https://www.schooland.hk/ps/npcvr,俞景慈先生 Mr. Yu King Tsz,劉穎賢博士 Dr. Lau Wing Yin Verena
灣仔區,官立嘉道理爵士小學,香港掃桿埔東院道9號,25773489,28824520,webmaster@sekps.edu.hk,https://www.sekps.edu.hk,https://www.schooland.hk/ps/sekps,梁司司女士 Ms. Leung Cee Cee Cissie,"梁詠珊女士 Ms. Leung Wing Shan, Magnolia"
灣仔區,軒尼詩道官立小學,香港灣仔譚臣道169號,25726633,25723735,hrgps@edb.gov.hk,http://www.hrgps.edu.hk,https://www.schooland.hk/ps/hrgpsam,梁靜宜女士 Ms. Leung Ching Yee,羅嘉穎女士 Ms. Law Ka Wing
灣仔區,軒尼詩道官立小學(銅鑼灣),香港銅鑼灣東院道3號,21572788,21572789,hrgpscwb@edb.gov.hk,https://www.hrgpscwb.edu.hk,https://www.schooland.hk/ps/hrgpspm,勞佩珊女士 Ms. Lo Pui Shan Phoebe,羅嘉穎女士 Ms. Law Ka Wing
灣仔區,佛教黃焯菴小學,香港銅鑼灣東院道11號,25762638,28824449,mail@bwcups.edu.hk,https://www.bwcups.edu.hk,https://www.schooland.hk/ps/bwcups,何倩儀女士 Ms. Ho Sin Yee Cindy,釋演慈女法師 Ven. Sik Yin Chi
灣仔區,瑪利曼小學,香港大坑道336號,25728728,25724131,mps@mps.edu.hk,https://www.mps.edu.hk,https://www.schooland.hk/ps/mps,勞家明女士 Ms. Lo Ka Ming Brenda,許錦屏博士 Dr. Hui Kam Ping Edith Eadaoin
灣仔區,嘉諾撒聖方濟各學校,香港灣仔聖佛蘭士街42-44號,25281763,28657681,sfcso@sfcs.edu.hk,http://www.sfcs.edu.hk,https://www.schooland.hk/ps/sfcs,莊欣惠女士 Ms. Chong Yan Wai,關小梅修女 Sister Kwan Siu Mui
灣仔區,聖保祿天主教小學,香港跑馬地黃泥涌道81A號,25763181,28824530,info@sppcs.edu.hk,https://www.sppcs.edu.hk,https://www.schooland.hk/ps/sppcs,關佩玲女士 Ms. Kwan Pui Ling,馮彩華修女 Sister Fung Choi Wa
灣仔區,李陞大坑學校,香港大坑浣紗街73號,25775188,28824510,lising@lsths.edu.hk,https://www.lsths.edu.hk,https://www.schooland.hk/ps/lsths,葉小麗,袁效權校監 Supervisor Yuen How Kuen
灣仔區,寶覺小學,香港跑馬地山光道11-15號,25737911,25724364,pkps@pokokps.edu.hk,http://www.pokokps.edu.hk,https://www.schooland.hk/ps/pokokps,鍾麗金女士 Ms. Chung Lai Kam Kathy,李敏兒女士 Ms. Lee Man Yee Anita
灣仔區,張凝文學校,香港銅鑼灣連道12號,28908131,28824516,pershing@plkgspts.edu.hk,http://www.plkgspts.edu.hk,https://www.schooland.hk/ps/plkgspts,劉彩玉女士 Ms. Lau Choi Yuk Karen,陳筠霖女士 Mrs. Chan Laverna Jun Lin
灣仔區,聖公會聖雅各小學,香港灣仔堅尼地道110號,25749369,28348709,info@skhsjps.edu.hk,http://www.skhsjps.edu.hk,https://www.schooland.hk/ps/skhstjames,李文傑先生 Mr. Lee Man Kit,潘梁學賢女士 Mrs. Poon Leung Hok Yin Maria
灣仔區,東華三院李賜豪小學,香港灣仔皇后大道東280號,25750470,28348141,lchops@tungwah.org.hk,http://www.twghlchps.edu.hk,https://www.schooland.hk/ps/twghlchps,余達智先生 Mr. Yu Tat Chi,伍怡先生 Mr. Ng Jonathan Yee
灣仔區,寶血小學,香港跑馬地成和道72號,25723851,25724421,info@preciousbloodhv.edu.hk,http://www.preciousbloodhv.edu.hk,https://www.schooland.hk/ps/pbps,鄭倩濃女士 Ms. Cheng Sin Nung Liz,劉燕棠修女 Sister Lau Yin Tong
灣仔區,聖若瑟小學,香港灣仔活道48號,25742259,25916537,office@sjps.edu.hk,http://www.sjps.edu.hk,https://www.schooland.hk/ps/sjps,林美琪女士 Ms. Lam Mei Ki,譚敏儀女士 Ms. Tam Man Yee Millie
港島南區,聖保羅書院小學,香港域多利道777號,37101777,37101851,office@spc-ps.edu.hk,https://www.spc-ps.edu.hk,https://www.schooland.hk/ps/spc-ps,馬耀安先生 Mr. Ma Yiu On Kirk,源廸恩先生 Mr. Yuen Dick Yan Dennis
港島南區,聖保羅男女中學附屬小學,香港黃竹坑南風徑11號,25261882,25262133,spccps@ps.spcc.edu.hk,http://www.spccps.edu.hk,https://www.schooland.hk/ps/spccps,張慧純女士 Ms. Cheung Wai Shun Katherine,利乾博士 Dr. Lee Chien
港島南區,弘立書院,香港薄扶林鋼綫灣道1號,22022000,22022099,enquiry@isf.edu.hk,https://academy.isf.edu.hk/,https://www.schooland.hk/ps/isf,查永茂博士,黃惠君女士
港島南區,聖士提反書院附屬小學,香港赤柱黃麻角道30-32號,28130272,28137401,info@sscps.edu.hk,http://www.sscps.edu.hk,https://www.schooland.hk/ps/sscps,盧家其先生 Mr. Lo Ka Kay Kelvin,梁貫成教授 Prof. Leung Koon Shing Frederick
港島南區,滬江維多利亞學校,香港仔深灣道19號,34021100,34021199,vpadmin@vsa.edu.hk,https://www.vsa.edu.hk,https://www.schooland.hk/ps/vsa,孔美琪女士,林貝聿嘉女士
港島南區,漢鼎書院,香港仔黃竹坑道33-35號,39986300,23414844,admission@hanacademy.edu.hk,https://www.hanacademy.edu.hk,https://www.schooland.hk/ps/han,徐莉女士,徐莉女士
港島南區,香港威雅學校,香港仔田灣街17號,21297100,,enquiries@was.edu.hk,https://www.was.edu.hk/,https://www.schooland.hk/ps/wycombeabbey,Mr Tuckett Howard William Gordon,高燕華女士
港島南區,香港南區官立小學,香港鴨脷洲橋道325號,25510030,25517793,hksdgps@edb.gov.hk,https://www.hksdgps.edu.hk,https://www.schooland.hk/ps/hksdgps,梁蕙君女士 Ms. Leung Wai Kwan,"林思嫺女士 Miss Lam Si Hang, Yvonne"
港島南區,聖伯多祿天主教小學,香港鴨脷洲利東邨第二期,28748311,28748658,enquiry@spcps.edu.hk,http://www.spcps.edu.hk,https://www.schooland.hk/ps/spcps,林慧雯女士 Ms. Lam Wai Man,伍國寶神父 Rev. Ng Kwok Po
港島南區,鴨脷洲街坊學校,香港鴨脷洲利東邨利東邨道9號,28711669,28711716,akps@akps.edu.hk,https://www.akps.edu.hk,https://www.schooland.hk/ps/akps,温樹雄先生 Mr. Wan Shu Hung,李月華女士 Ms. Chu Yuet Wah
港島南區,海怡寶血小學,香港鴨脷洲橋道355號,25511378,25807125,info@pbpssh.edu.hk,https://www.pbpssh.edu.hk,https://www.schooland.hk/ps/pbpssh,林淑操,區綺雯修女 Sister Au Yi Man Agnes
港島南區,聖公會置富始南小學,香港薄扶林置富花園置富徑3號,25504004,25510495,info@skhcfcn.edu.hk,https://www.skhcfcn.edu.hk,https://www.schooland.hk/ps/skhcfcn,宋曼茹女士 Ms. Sung Man Yue,楊羅觀翠教授 Prof. Yeung Law Koon Chui
港島南區,華富邨寶血小學,香港華富邨瀑布灣道27號,25511211,25504313,info@pbps.edu.hk,https://www.pbps.edu.hk,https://www.schooland.hk/ps/pbpswfe,鍾苑茵女士 Ms. Chung Yuen Yan,游勵明修女 Sister Yau Lai Ming
港島南區,聖公會田灣始南小學,香港香港仔田灣始南徑1號,25508326,25518258,skhtwcn_mail@yahoo.com.hk,https://www.tcn.edu.hk/,https://www.schooland.hk/ps/tcn,梁國強先生 Mr. Leung Kwok Keung,楊羅觀翠教授 Prof. Yeung Law Koon Chui
港島南區,東華三院鶴山學校,香港華富邨華林徑5號,25511142,25517151,hokshan@hokshan.edu.hk,http://www.hokshan.edu.hk,https://www.schooland.hk/ps/hokshan,陳世剛先生 Mr. Chan Sai Kong Christopher,李曠怡先生 Mr. Lee Kwong Yee Jason Joseph
港島南區,香港仔聖伯多祿天主教小學,香港仔石排灣新村第二期,28735101,28735100,info@aspcps.edu.hk,http://www.aspcps.edu.hk,https://www.schooland.hk/ps/aspcps,侯麗珊女士 Ms. Hou Lai Shan,伍國寶神父 Rev. Ng Kwok Po
港島南區,嘉諾撒培德學校,香港香港仔大道180號,25529529,25521603,info@ptcps.edu.hk,https://www.ptcps.edu.hk,https://www.schooland.hk/ps/ptcps,丁芝敏修女 Sister Ting Chi Man,霍慧敏修女 Sister Fok Wai Man Veronica
離島區,智新書院,大嶼山愉景灣澄湖畔路38號,39691000,29878115,office@discovery.edu.hk,https://www.discovery.edu.hk,https://www.schooland.hk/ps/discovery,Mr Beach Mark William,Mrs Greer Belinda Margaret
離島區,銀礦灣學校,大嶼山梅窩梅窩碼頭路10號,29840006,29841338,office@silverminebayschool.edu.hk,https://silverminebayschool.edu.hk/,https://www.schooland.hk/ps/silverminebayschool,唐文寶先生,Ms Choy-Tong Lydia Wai Kuan Kauilani
離島區,南丫北段公立小學,南丫島榕樹灣榕樹嶺1號,29820242,29822484,enquiry@nls.edu.hk,http://www.nls.edu.hk,https://www.schooland.hk/ps/nls,黃安琪女士 Ms. Wong On Ki Angela,吳國建先生 Mr. Ng Kwok Kin
離島區,長洲聖心學校,長洲東灣教堂路1號,29810330,29819244,ccshs@ccshs.edu.hk,http://www.ccshs.edu.hk,https://www.schooland.hk/ps/ccshs,黃良凱先生 Mr. Wong Leung Hoi,楊錦泉先生 Mr. Yeung Kam Chuen Anthony
離島區,國民學校,長洲國民路30號,29810432,29816345,info@cckms.edu.hk,https://www.cckms.edu.hk,https://www.schooland.hk/ps/cckms,郭婉琪女士 Ms. Kwok Yuen Ki,盧雲佳先生 Mr. Lo Wan Kai Rico
離島區,長洲堂錦江小學,長洲山頂道西1號,29810435,29816341,info@ccckamkongsch.edu.hk,http://www.ccckamkongsch.edu.hk,https://www.schooland.hk/ps/ccckkps,葉昌銳先生 Mr. Yip Cheong Yui,李淑嫺博士 Dr. Li Suk Han
離島區,青松侯寶垣小學,新界東涌富東邨,21090070,21090013,mail@cchpwps.edu.hk,http://www.cchpwps.edu.hk,https://www.schooland.hk/ps/cchpwps,陳綺華女士 Ms. Chan Yee Wah,龔仲禮先生 Mr. Kung Chung Lai
離島區,杯澳公立學校,大嶼山貝澳羅屋村2號,29841189,29842445,info@buiosch.edu.hk,https://www.buiosch.edu.hk,https://www.schooland.hk/ps/buiosch,潘智輝,温東日先生 Mr. Wan Tung Yat
離島區,東涌天主教學校,新界東涌逸東邨,21094962,21210166,tccs_pri@tccs.edu.hk,http://www.tccs.edu.hk,https://www.schooland.hk/ps/tccs,陳珮珊女士 Ms. Chan Pui Shan,楊美熙女士 Ms. Yeung Mei Hay May
離島區,中華基督教會大澳小學,大嶼山大澳街市街24-26號,29857515,29857907,taiopris@ccctaiops.edu.hk,http://www.ccctaiops.edu.hk,https://www.schooland.hk/ps/ccctaiops,蘇志英女士 Ms. So Chi Ying,林玉英女士 Ms. Lam Yuk Ying
離島區,黃楚標學校,大嶼山東涌逸東邨,21090087,21090086,head@hkfewwcb.edu.hk,http://www.hkfewwcb.edu.hk,https://www.schooland.hk/ps/hkfewwcb,黃錦良先生 Mr. Wong Kam Leung,楊耀忠太平紳士 Mr. Yeung Yiu Chung
離島區,寶安商會溫浩根小學,大嶼山東涌富東邨,21090045,21090047,school@pocawhk.edu.hk,http://www.pocawhk.edu.hk,https://www.schooland.hk/ps/pocawhk,呂錦强先生 Mr. Lui Kam Keung,鄧耀樑先生 Mr. Tang Yiu Leung
離島區,救世軍林拔中紀念學校,大嶼山東涌逸東邨,21090328,21090223,lbcps@hkt.salvationarmy.org,https://www.salbcms.edu.hk,https://www.schooland.hk/ps/salbcms,馬啓能先生 Mr. Ma Kai Lung,陳國威少校 Mr. Chan Kwok Wai
離島區,靈糧堂秀德小學,大嶼山東涌文東路35號,21094688,21094699,school@llcst.edu.hk,https://www.llcst.edu.hk,https://www.schooland.hk/ps/llcst,王熹欣女士 Ms. Wong Hei Yan Joanne,曾雅懿女士 Ms. Tsang Ngar Yee Judy
離島區,可譽小學,東涌健東路4-6號,21091001,21092002,mail_ps@hoyu.edu.hk,http://www.hoyu.edu.hk,https://www.schooland.hk/ps/hoyu,梁惠芳女士 Ms. Leung Wai Fong,蕭德華先生 Mr. Siu Tak Wa
離島區,梅窩學校,新界大嶼山梅窩大地塘村,29848461,29842484,mws@mws.edu.hk,http://www.mws.edu.hk,https://www.schooland.hk/ps/mws,林文君女士 Ms. Lam Man Kwan,袁哲之先生 Mr. Yuen Chit Chi
離島區,聖家學校,坪州南灣聖家路1號,29830785,29831247,general@holyfamily.edu.hk,http://www.holyfamily.edu.hk,https://www.schooland.hk/ps/holyfamily,何麗君女士 Ms. Ho Lai Kwan,李彩燕女士 Ms. Lee Choi Yin Fancy
離島區,聖公會偉倫小學,大嶼山愉景灣第13區,29878608,29871978,skhweilun@skhweilun.edu.hk,https://www.skhweilun.edu.hk,https://www.schooland.hk/ps/skhweilun,勞凱瑜女士 Ms. Lo Oi Yu,鄧華錦先生 Mr. Tang Wah Kam
九龍城區,拔萃男書院附屬小學,九龍旺角亞皆老街131號,31594200,26247292,dbspd@dbs.edu.hk,http://www.dbspd.edu.hk,https://www.schooland.hk/ps/dbspd,鄭基恩先生 Mr. Cheng Kay Yen Ronnie,謝子和主教 The Rt. Rev. Der Matthias Clement Tze-wo
九龍城區,保良局林文燦英文小學,土瓜灣上鄉道24號及農圃道2號,27121270,27142658,email@plklmceps.edu.hk,https://plklmceps.edu.hk/,https://www.schooland.hk/ps/plklmceps,文詩詠女士 Ms. Man Sze Wing Jessica,李惠莉女士 Ms. Lee Wai Lai Margaret
九龍城區,香港培正小學,九龍窩打老道80號,27142562,27609717,puiching@pcps.edu.hk,http://www.pcps.edu.hk,https://www.schooland.hk/ps/pcps,葉展漢先生 Mr. Yip Chin Hon,王寧添博士 Dr. Wong Ling Tim
九龍城區,九龍塘宣道小學,九龍塘蘭開夏道2號,34430100,23381124,office@apskt.edu.hk,http://www.apskt.edu.hk,https://www.schooland.hk/ps/apskt,吳麗芬女士 Ms. Ng Lai Fun,陳麗霞女士 Ms. Chan Lai Ha Cherry
九龍城區,九龍真光中學(小學部),九龍窩打老道115號,23360662,23387794,info@ktlsps.edu.hk,http://www.ktlsps.edu.hk,https://www.schooland.hk/ps/ktlms,林翠屏女士 Ms. Lam Chui Ping Crystal,陳志堅先生 Mr. Chan Chi Kin
九龍城區,香港培道小學,九龍馬頭涌福祥街3號,27112933,27613568,infosch@ptps.edu.hk,https://www.ptps.edu.hk,https://www.schooland.hk/ps/ptps,陳敏儀女士 Ms. Chan Man Yee,林家泰校監 Supervisor Lam Ka Tai
九龍城區,民生書院小學,九龍九龍城東寶庭道8號,36553400,23372041,primary@munsang.edu.hk,https://primary.munsang.edu.hk/,https://www.schooland.hk/ps/munsang,梁桂英,郁德芬博士 Dr. Yuk Tak Fun
九龍城區,啟思小學,九龍九龍塘牛津道2號A,23360266,23382924,cps@creativeprisch.edu.hk,https://www.creativeprisch.edu.hk,https://www.schooland.hk/ps/creative,陳素明女士 Ms. Chan So Ming,方俠先生 Mr. Fong Hup
九龍城區,聖三一堂小學,九龍城富寧街57號,27110928,27153760,info@htps.edu.hk,https://www.htps.edu.hk,https://www.schooland.hk/ps/htps,吳鳳婷女士 Ms. Ng Fung Ting Natalie,嚴偉賢女士 Ms. Yin Wai Yin Juanna
九龍城區,九龍塘學校(小學部),九龍塘金巴倫道舒梨里2721地段,23363802,23371692,info@ktsps.edu.hk,https://www.ktsps.edu.hk,https://www.schooland.hk/ps/ktsps,梁綺華女士 Ms. Leung Yee Wah Eva,"鮑文宜先生 Mr. Bough, Anthony Michael"
九龍城區,聖若望英文書院(小學部),九龍九龍塘窩打老道143號,23362933,23362097,pri@st-johannes.edu.hk,https://www.st-johannes.edu.hk,https://www.schooland.hk/ps/sjcps,廖詠琪女士 Ms. Liu Wing-Ki,梁浩政先生 Mr. Leung Ho Ching
九龍城區,九龍塘方方樂趣英文小學,九龍九龍塘金巴倫道1號,23378422,23377533,office@fsris.edu.hk,https://www.fsris.edu.hk,https://www.schooland.hk/ps/fsris,邊陳之娟女士,邊毓雯博士
九龍城區,劍津英國學校,九龍紅磡新圍街1號,26121888,26122828,admin@oxbridgeschool.hk,https://www.oxbridgeschool.hk/,https://www.schooland.hk/ps/oxbridge,"Mr John Shooter
Facebook 專頁：
OxbridgeSchoolHK",
九龍城區,馬頭涌官立小學,九龍城福祥街1號,27115548,27144258,mtcgps@edb.gov.hk,http://www.mtcgps.edu.hk,https://www.schooland.hk/ps/mtcgps,陳艷祝女士 Ms. Chan Yim Chuk,"顏文傑先生 Mr. Ngan Man Kit, Andrew"
九龍城區,農圃道官立小學,九龍土瓜灣農圃道8號,27110682,27144224,frgpsam@edb.gov.hk,http://www.frgps.edu.hk,https://www.schooland.hk/ps/frgps,麥綺玲女士 Ms. Mak Yee Ling,葉秀媚女士 Ms. Yip Sau Mei
九龍城區,天主教領島學校,九龍何文田俊民苑,27139233,27142640,info@lingto.edu.hk,http://www.lingto.edu.hk,https://www.schooland.hk/ps/lingto,李安迪先生 Mr. Li Andy,黃麗貞女士 Ms. Wong Lai Ching
九龍城區,獻主會小學,九龍土瓜灣順風街1號,23648375,23648335,info@ops.edu.hk,http://www.ops.edu.hk,https://www.schooland.hk/ps/ops,吳慧儀女士 Ms. Ng Wai Yi,Kalisz Slawomir 神父 Father Kalisz Slawomir
九龍城區,聖羅撒學校,九龍基堤道4號,23382807,23363158,info@goo.srols.edu.hk,http://www.srols.edu.hk,https://www.schooland.hk/ps/srols,陳慧賢女士 Ms. Chan Wai Yin Maria,麥琬淑修女 Sister Mak Yuen Suk Lucia
九龍城區,聖公會牧愛小學,九龍土瓜灣馬頭圍道171號,27125220,27141552,info@gsps.edu.hk,http://www.gsps.edu.hk,https://www.schooland.hk/ps/gsps,梁浩偉先生 Mr. Leung Ho Wai Eddie,許華英女士 Ms. Hui Wah Ying Joelle
九龍城區,陳瑞祺(喇沙)小學,九龍九龍城常盛街22號,27116278,27140854,info@cskps.edu.hk,https://www.cskps.edu.hk,https://www.schooland.hk/ps/cskps,謝澤樹先生 Mr. Tse Chak Shu,古永康先生 Mr. Ku Wing Hong Eric
九龍城區,紅磡信義學校,九龍土瓜灣炮仗街39號,27121543,27142476,info@hhlps.edu.hk,http://www.hhlps.edu.hk,https://www.schooland.hk/ps/hhlps,馮麗儀女士 Ms. Fung Lai Yee,林春暖女士 Ms. Lin Chun Nuen
九龍城區,九龍靈光小學,九龍盛德街36-38號,27111232,27141224,eps.mail@eps.edu.hk,https://www.eps.edu.hk,https://www.schooland.hk/ps/eps,陸志昌先生 Mr. Luk Chi Cheong,黎玉貞女士 Ms. Lai Yuk Ching
九龍城區,協恩中學附屬小學,九龍土瓜灣農圃道1號,27111263,27141958,hyps@hyps.edu.hk,http://www.hyps.edu.hk,https://www.schooland.hk/ps/hyps,陳素兒博士 Dr. Chan So Yee,蔡克昭先生 Mr. Tsoi Hak Chiu
九龍城區,聖公會聖匠小學,九龍土瓜灣貴州街14號,23332313,23647757,hcps1974@gmail.com,https://www.hcps.edu.hk,https://www.schooland.hk/ps/hcps,伍美英女士 Ms. Ng Mei Ying Rebecca,張樹萱牧師 Rev. Cheung Shu Suen
九龍城區,合一堂學校,九龍公主道7號,27111013,27142465,hycsa@hycs.edu.hk,http://www.hycs.edu.hk,https://www.schooland.hk/ps/hycs,吳麗霞博士 Dr. Ng Lai Ha,蔣陳紅梅女士 Mrs. Chiang Chan Hung Mui Christina
九龍城區,基道小學九龍城,九龍城靠背壟道170號,27147000,27147744,cccktkc@ktkc.edu.hk,https://ktkc.edu.hk,https://www.schooland.hk/ps/ktkc,謝婉貞女士 Ms. Tse Yuen Ching,李端儀女士 Ms. Lee Doen Yee
九龍城區,浸信會孔憲紹天虹小學,九龍竹園南邨,23287971,23227419,info@rainbow.edu.hk,https://www.rainbow.edu.hk,https://www.schooland.hk/ps/rainbow,馮耀章先生 Mr. Fung Yiu Cheung Fielie,曾家石先生 Mr. Tsang Ka Shek
九龍城區,保良局何壽南小學,九龍九龍城沐虹街11號,23262627,23283261,plkshsn@plkhsn.edu.hk,https://www.plkhsn.edu.hk,https://www.schooland.hk/ps/plkhsn,陳紫霞女士 Ms. Chan Tsz Ha,黎惠蓮女士 Ms. Lai Wai Lin
九龍城區,獻主會聖馬善樂小學,九龍土瓜灣天光道24號,27151011,27151012,info@semops.edu.hk,http://www.semops.edu.hk,https://www.schooland.hk/ps/semops,余詩慧女士 Ms. Yu Sze Wai,洪聯勝神父 Fr. Gicalao Ronnie Yap
九龍城區,聖公會聖十架小學,九龍九龍城沐虹街9號,23204931,23277104,info@skhhcps.edu.hk,https://www.skhhcps.edu.hk,https://www.schooland.hk/ps/skhhc,陳頌康先生 Mr. Chan Chung Hong,劉榮佳牧師 Rev. Lau Wing Kai
九龍城區,馬頭涌官立小學(紅磡灣),紅磡灣愛景街3號,23638989,27731919,mail@mtchhb.edu.hk,http://www.mtchhb.edu.hk,https://www.schooland.hk/ps/mtchhb,吳炎婷女士 Ms. Ng Yim Ting Alice,林雨恒先生 Mr. Lam Yu Hang
九龍城區,葛量洪校友會黃埔學校,九龍紅磡黃埔花園德安街30號,23343673,23337689,info@gcewps.edu.hk,http://www.gcewps.edu.hk,https://www.schooland.hk/ps/gcewps,袁慧敏女士 Ms. Yuen Wai Man,梁紀昌先生 Mr. Leung Kee Cheong
九龍城區,黃埔宣道小學,九龍紅磡黃埔花園德豐街21號,23367742,21428096,info@apsw.edu.hk,https://www.apsw.edu.hk/,https://www.schooland.hk/ps/apsw,李德衡先生 Mr. Lee Tak Hang,甘偉強博士 Dr. Kam Wai Keung
九龍城區,聖公會奉基千禧小學,紅磡黃埔花園德定街2號,23627123,23637898,fkmps@fkmps.edu.hk,https://www.fkmps.edu.hk,https://www.schooland.hk/ps/fkmps,林美寶女士 Ms. Lam Mei Bo,張樹萱牧師 Rev. Cheung Shu Suen
九龍城區,聖公會奉基小學,九龍紅磡黃埔花園德定街4號,27648909,23648612,fungkei@fungkei.edu.hk,https://www.fungkei.edu.hk,https://www.schooland.hk/ps/fungkei,黃悅明博士 Dr. Wong Yuet Ming,張樹萱牧師 Rev. Cheung Shu Suen
九龍城區,天神嘉諾撒學校,九龍紅磡鶴園街21號,23624448,23646665,info@hacs.edu.hk,http://www.hacs.edu.hk,https://www.schooland.hk/ps/hacs,呂寶琦女士 Ms. Lui Po Ki,黃佩玲修女 Sister Wong Pui Ling Virginia
九龍城區,聖公會聖提摩太小學,九龍紅磡鶴園街14及19號,23625953,23652050,mail@stps.edu.hk,http://www.stps.edu.hk,https://www.schooland.hk/ps/stps,田少斌先生 Mr. Tin Siu Bun,莫永佳先生 Mr. Mok Henry Wing Kai
九龍城區,九龍塘官立小學,九龍塘添福道6號,23360991,23374673,klntgps@edb.gov.hk,http://www.klntong.edu.hk,https://www.schooland.hk/ps/klntong,陳嘉蕙女士 Ms. Chan Ka Wai,"顏文傑先生 Mr. Ngan Man Kit, Andrew"
九龍城區,九龍塘天主教華德學校,九龍延文禮士道39號,23373768,23373776,mail@ktbwcs.edu.hk,http://www.ktbwcs.edu.hk,https://www.schooland.hk/ps/ktbwcs,舒敬先生 Mr. Shu King,盧伯榮神父 Rev. Lo Pak Wing Peter
九龍城區,基華小學九龍塘,九龍九龍塘牛津道1B,22676676,23360665,kwpskt@eclass.kwpskt.edu.hk,http://www.kwpskt.edu.hk,https://www.schooland.hk/ps/kwpskt,鄭雪英女士 Ms. Chang Suet Ying,陳紹才先生 Mr. Chan Shiu Choy
九龍城區,嘉諾撒聖家學校,九龍城聯合道102號,23821035,23824406,head@hfkc.edu.hk,http://www.hfkc.edu.hk,https://www.schooland.hk/ps/hfkc,梁佩欣女士 Ms. Leung Pui Yan,邵苑芬修女 Sister Shiu Yuen Fun Magdalen
九龍城區,耀山學校,九龍嘉林邊道24號,23362115,23363144,iushan@iushan.edu.hk,https://www.iushan.edu.hk,https://www.schooland.hk/ps/iushan,石禮仁先生 Mr. Sek Lai Yan,甄文輝先生 Mr. Yan Man Fai
九龍城區,喇沙小學,九龍喇沙利道1D,23362609,23363153,lasalleprimary@la-salle.edu.hk,https://www.la-salle.edu.hk,https://www.schooland.hk/ps/la-salle,"黎月兒女士 Ms. Nair, Chandni",Tierney James Christopher 修士 Rev. Bro. Tierney James Christopher
九龍城區,瑪利諾修院學校(小學部),九龍窩打老道130號,23360611,23363154,mcs_gen_office3@mcsps.edu.hk,http://www.mcsps.edu.hk,https://www.schooland.hk/ps/mcsps,陳家卓,何敏慧女士 Ms. Ho Main Wai Amy
九龍城區,拔萃小學,九龍九龍塘志士達道1號,23361448,23367854,dps002@dps.edu.hk,http://www.dps.edu.hk,https://www.schooland.hk/ps/dps,伍頴儀女士 Ms. Ng Wing Yee Wendy,鄭基恩先生 Mr. Cheng Kay Yen Ronnie
九龍城區,嘉諾撒聖家學校(九龍塘),九龍塘添福路8號,23365981,23365598,admin@holyfamilykt.edu.hk,http://www.holyfamilykt.edu.hk,https://www.schooland.hk/ps/holyfamilykt,陳潔姮女士 Ms. Chan Kit Hang Angel,邵苑芬修女 Sister Shiu Yuen Fun Magdalen
九龍城區,華德學校,九龍聯合道150號,23372058,23361664,info@bishopwalsh.edu.hk,http://www.bishopwalsh.edu.hk,https://www.schooland.hk/ps/bishopwalsh,盧淑儀女士 Ms. Lo Shuk Yee Jenny,李烱輝先生 Mr. Li Quing Fai
黃大仙區,德望小學,九龍扎山道383號,23275294,23296403,ghps@ghsps.edu.hk,https://www1.ghs.edu.hk/,https://www.schooland.hk/ps/ghsps,"阮嫣玲修女 Sister Pauline Yuen, M.I.C.","阮嫣玲修女 Sister Pauline Yuen, M.I.C."
黃大仙區,國際基督教優質音樂中學暨小學,九龍鑽石山蒲崗村道182號,27773828,27773899,info@icqm.edu.hk,https://www.icqm.edu.hk,https://www.schooland.hk/ps/icqm,陳永生博士 Dr. Chan Wing Sang,梁耀權校監 Supervisor Leung Yiu Kuen
黃大仙區,聖母小學,九龍黃大仙沙田坳道116號,23201001,27528493,admin@olps.edu.hk,https://www.olps.edu.hk,https://www.schooland.hk/ps/olps,吳文健修女 Sister Ng Man Kin Regina,胡妙然修女 Sister Wu Miu Yin Carolina
黃大仙區,神召會德萃書院(小學部),九龍慈雲山蒲崗村道91號,23380701,23446238,info@sthilarys.edu.hk,https://aogsthilarys.edu.hk/,https://www.schooland.hk/ps/aogsthilarys,朱子穎先生（總,譚寶琼女士
黃大仙區,黃大仙官立小學,九龍黃大仙正德街100號,23202437,23202440,wtsgps@edb.gov.hk,http://www.wtsgps.edu.hk,https://www.schooland.hk/ps/wtsgps,"鄧彥祺先生 Mr. Tang Yin Ki, Thomas",李惠萍女士 Ms. Lee Wai Ping
黃大仙區,獻主會溥仁小學,九龍樂善道15號,23823474,23834403,poyan@poyan.edu.hk,http://www.poyan.edu.hk,https://www.schooland.hk/ps/poyan,余詩慧女士 Ms. Yu Sze Wai,"鄧永林神父 Fr. William, Meng"
黃大仙區,孔教學院大成小學,九龍黃大仙大成街10號,23203301,23202943,info@taishingprimary.edu.hk,http://www.taishingprimary.edu.hk,https://www.schooland.hk/ps/taishing,潘淑嫻女士 Ms. Poon Suk Han,湯偉倫太平紳士 JP. Tong Wai Lun William
黃大仙區,福德學校,九龍東頭村培民街,23360206,23368325,info@bfordms.edu.hk,https://www.bfordms.edu.hk,https://www.schooland.hk/ps/bfordms,"衞智立先生 Mr. Wai Chi Lap, Eric",潘樹照先生 Mr. Poon Shu Chiu Edward
黃大仙區,天主教博智小學,九龍竹園道53號天馬苑,23288033,23202604,info@pmcps.edu.hk,https://www.pmcps.edu.hk,https://www.schooland.hk/ps/pmcps,何妙賢女士 Ms. Ho Miu Yin Maureen,李烱輝先生 Mr. Li Quing Fai
黃大仙區,黃大仙天主教小學,九龍黃大仙正德街102號,23255316,23208620,mail@e-wong.edu.hk,http://www.e-wong.edu.hk,https://www.schooland.hk/ps/wtscps,葉鎮鴻先生 Mr. Ip Chun Hung,陳德雄先生 Mr. Chan Tak Hung Philip
黃大仙區,嘉諾撒小學,九龍竹園親仁街5號,23222445,23203044,info@cpswts.edu.hk,http://www.cpswts.edu.hk,https://www.schooland.hk/ps/cpswts,孫福晉先生 Mr. Soon Fuk Chun,袁慧貞女士 Ms. Yuen Wai Ching
黃大仙區,天主教伍華小學,九龍新蒲崗彩虹道5號,23838079,23827592,ngwah@nwcps.edu.hk,https://www.nwcps.edu.hk,https://www.schooland.hk/ps/nwcps,馮朗先生 Mr. Fung Long,陳德雄先生 Mr. Chan Tak Hung Philip
黃大仙區,聖公會基德小學,九龍黃大仙大成街,23203077,23202449,skhkt@skhkt.edu.hk,http://www.skhkt.edu.hk,https://www.schooland.hk/ps/skhkt,霍燕玲女士 Ms. Fok Yin Ling,劉榮佳牧師 Rev. Lau Wing Kai
黃大仙區,聖博德學校,九龍橫頭磡富美東街12號,23370133,23379549,email@sps.edu.hk,http://www.sps.edu.hk,https://www.schooland.hk/ps/sps,葉春燕,李彩燕女士 Ms. Lee Choi-Yin Fancy
黃大仙區,保良局陳南昌夫人小學,九龍新蒲崗康強街30號,27599365,27999830,info@plkcnc.edu.hk,https://www.plkcnc.edu.hk,https://www.schooland.hk/ps/plkcnc,陳雪荺女士 Ms. Chan Suet Kwan Peggy,何芷韻女士 Ms. Ho Tsz Wan
黃大仙區,彩雲聖若瑟小學,九龍彩雲邨第二小學,27557180,23050067,info@cwsj.edu.hk,http://www.cwsj.edu.hk,https://www.schooland.hk/ps/cwsj,朱家樑先生 Mr. Chu Ka Leung,梁長才先生 Mr. Leung Cheung Choi
黃大仙區,嗇色園主辦可立小學,九龍慈雲山慈樂邨第二期,23216003,23217710,hlp-mail@holap-p.edu.hk,http://www.holap-p.edu.hk,https://www.schooland.hk/ps/holap,吳樹東先生 Mr. Ng Shu Tung,梁煒泰先生 Mr. Leung Wai Tai
黃大仙區,慈雲山聖文德天主教小學,慈雲山慈正邨寧華街,23206226,23255707,admin@tsbcps.edu.hk,http://www.tsbcps.edu.hk,https://www.schooland.hk/ps/tsbcps,林偉才先生 Mr. Lam Wai Choi,李綺玲女士 Ms. Lee Yee Ling Ellen
黃大仙區,中華基督教會基華小學,九龍黃大仙彩虹邨黃菊路,23200683,23259035,keiwa@keiwa.edu.hk,https://www.keiwa.edu.hk,https://www.schooland.hk/ps/keiwa,林逸龍先生 Mr. Lam Yat Lung,高國雄牧師 Rev. Ko Kwok Hung
黃大仙區,嘉諾撒小學(新蒲崗),九龍新蒲崗彩頤里9號,23238883,23236665,cpsspk@cps.edu.hk,http://www.cps.edu.hk,https://www.schooland.hk/ps/cps,陳昌信先生 Mr. Chan Cheong Shun Charley,袁慧貞女士 Ms. Yuen Wai Ching
黃大仙區,真鐸學校,九龍鑽石山斧山道171號,23265111,23517244,info@cts.edu.hk,https://www.cts.edu.hk,https://www.schooland.hk/ps/cts,陳德安先生 Mr. Chan Tak On Alex,郭始基先生 Mr. Kwok Chi Kay Peter
黃大仙區,聖文德天主教小學,九龍鑽石山鳳德邨鳳禮道4號,23202727,23201000,sch@sbcps.edu.hk,https://www.sbcps.edu.hk,https://www.schooland.hk/ps/sbcps,李國釗先生 Mr. Lee Kwok Chiu,張偉菁女士 Ms. Cheung Wai Ching Ada
黃大仙區,聖博德天主教小學,九龍黃大仙蒲崗村道學校村178號,22460783,22460780,spcps001@spcpspkv.edu.hk,https://www.spcpspkv.edu.hk,https://www.schooland.hk/ps/spcpspkv,陳麗珠博士 Dr. Chan Lai Chu,倪德文神父 Father Ngai Tak Man Elton
黃大仙區,中華基督教會基慈小學,九龍慈雲山道152號,23225122,23286489,info@keitsz.edu.hk,http://www.keitsz.edu.hk,https://www.schooland.hk/ps/keitsz,趙潔華女士 Ms. Chiu Kit Wa,歐陽家強先生 Mr. Au Yeung Ka Keung
黃大仙區,慈雲山天主教小學,九龍黃大仙蒲崗村道172號學校村,23273332,23276662,mail@twscps.edu.hk,https://www.twscps.edu.hk/,https://www.schooland.hk/ps/twscps,蕭茵女士 Ms. Siu Yan,倪德文神父 Father Ngai Tak Man Elton
黃大仙區,伊斯蘭鮑伯濤紀念小學,九龍黃大仙慈雲山慈樂邨第一期,23201300,23226566,idpmps@idpmps.edu.hk,https://www.idpmps.edu.hk,https://www.schooland.hk/ps/idpmps,石志端女士 Ms. Salim Sekena,馬蓬偉先生 Mr. Ma Fung Wai Kasim
黃大仙區,保良局錦泰小學,九龍慈雲山蒲崗村道180號,23262886,23522353,info@grandmont.edu.hk,https://www.grandmont.edu.hk,https://www.schooland.hk/ps/grandmont,吳嘉慧女士 Ms. Ng Ka Wai,劉陳小寶教授 Prof. Lau Chan Siu Po Angel
觀塘區,福建中學附屬學校,九龍觀塘油塘村第二期,26060670,31940349,info@fssas.edu.hk,https://www.fssas.edu.hk,https://www.schooland.hk/ps/fssas,徐區懿華女士 Ms. Hsu Au Yee Wah Eva,周娟娟女士 Ms. Chow Kuen Kuen
觀塘區,聖若瑟英文小學,九龍觀塘道57號,23255851,23227466,info@sjacps.edu.hk,https://www.sjacps.edu.hk,https://www.schooland.hk/ps/sjacps,鄭德明先生 Mr. Cheng Tak Ming Timothy,周玲玲女士 Ms. Chow Ling Ling Margaret
觀塘區,示昕學校,九龍觀塘偉業街182號,35860107,35860191,info@shema.edu.hk,http://shema.edu.hk/,https://www.schooland.hk/ps/shema,陳秀春女士,馬冼嘉明女士
觀塘區,浸信宣道會呂明才小學,九龍九龍灣彩霞道78號,27547024,23313417,mail@apps.lmc.edu.hk,http://www.lmc.edu.hk,https://www.schooland.hk/ps/lmc,楊健德先生 Mr. Yeung Kin Tak Enoch,"鍾志杰博士 Dr. Chung Chi Kit , Ronald"
觀塘區,香港道教聯合會雲泉學校,九龍觀塘安茵街2號,27570854,23313420,hktawts@hktawts.edu.hk,https://hktawts.edu.hk/,https://www.schooland.hk/ps/hktawts,張寶雯女士 Ms. Cheung Po Man Rowena,王廣漢先生 Mr. Wong Kwong Hon
觀塘區,迦密梁省德學校,九龍順安邨第二號校舍,23422455,23438678,office@clst.edu.hk,https://www.clst.edu.hk,https://www.schooland.hk/ps/clst,李小娟女士 Ms. Lee Siu Kuen,李兆波先生 Mr. Lee Siu Po
觀塘區,佛教慈敬學校,九龍觀塘九龍灣啟禮道12號,27594504,27507448,info@bckps.edu.hk,http://www.bckps.edu.hk,https://www.schooland.hk/ps/bckps,范秀琪女士 Ms. Fan Sau Ki,釋演慈女法師 Ven. Sik Yin Chi
觀塘區,佐敦谷聖若瑟天主教小學,九龍彩霞道80號,23050061,23053005,jvsj@jvsj.edu.hk,http://www.jvsj.edu.hk,https://www.schooland.hk/ps/jvsj,曾智昌,周啟明博士 Dr. Chau Kai Ming Joseph
觀塘區,天主教柏德學校,九龍九龍灣宏照道6號,27993003,27990208,schoolmail@bpcs.edu.hk,https://bpcs.edu.hk,https://www.schooland.hk/ps/bpcs,唐國敏女士 Ms. Tong Kwok Man Joanne,賴永春先生 Mr. Lai Wing Chun
觀塘區,九龍灣聖若翰天主教小學,九龍灣啟業道23號,23432311,23433011,sch@kbsjb.edu.hk,https://www.kbsjb.edu.hk,https://www.schooland.hk/ps/kbsjb,高翠萍女士 Ms. Ko Tsui Ping Michelle,張明德神父 Fr. Dhos Johnson
觀塘區,坪石天主教小學,九龍坪石邨第一座校舍,23212988,23260950,psec@psec.edu.hk,http://www.psec.edu.hk,https://www.schooland.hk/ps/psec,王娟香女士 Ms. Wong Kuen Heung,黃敏冰女士 Ms. Wong Man Ping Annie
觀塘區,聖公會九龍灣基樂小學,九龍九龍灣啟仁街6號,27969393,27963777,kbkeilok@kbkeilok.edu.hk,http://www.kbkeilok.edu.hk,https://www.schooland.hk/ps/kbkeilok,陳小燕,鄒小磊先生 Mr. Chow Siu Lui
觀塘區,觀塘官立小學(秀明道),觀塘秀茂坪秀明道130號,27092220,27092660,ktgpssmr@edb.gov.hk,http://www.ktgps-smr.edu.hk,https://www.schooland.hk/ps/ktgps-smr,周美珍女士 Ms. Chow Mei Chun,樊慧玲女士 Ms. Fan Wai Ling Eileen
觀塘區,觀塘官立小學,九龍觀塘牛頭角道240號,27560762,23313421,ktgps@edb.gov.hk,http://www.ktgps.edu.hk,https://www.schooland.hk/ps/ktgps,鄧家惠女士 Ms. Tang Ka Wai,樊慧玲女士 Ms. Fan Wai Ling Eileen
觀塘區,天主教佑華小學,九龍觀塘翠屏邨第四期屋邨小學,23482366,27179804,info@oloccps.edu.hk,http://www.oloccps.edu.hk,https://www.schooland.hk/ps/oloccp,林堅先生 Mr. Lam Kin Clarence,馮賜豪神父 Rev. Fung Che Ho
觀塘區,基督教聖約教會堅樂小學,九龍觀塘秀茂坪秀明道77號,27574566,29523110,mcchgps@hgps.edu.hk,http://www.hgps.edu.hk,https://www.schooland.hk/ps/hgps,施德銀,黎樹濠太平紳士 Mr. Lai Shu Ho Patrick
觀塘區,藍田循道衞理小學,九龍藍田平田村安田街,23461033,23496346,info@ltmps.edu.hk,http://www.ltmps.edu.hk,https://www.schooland.hk/ps/ltmps,梁麗琪女士 Ms. Leung Lai Ki,黃惠嫦牧師 Rev. Wong Wai Sheung Sally
觀塘區,聖公會聖約翰曾肇添小學,九龍觀塘安翠街11號,23226125,23530863,info@skhsjtst.edu.hk,http://www.skhsjtst.edu.hk/,https://www.schooland.hk/ps/skhstjohn,金永添先生 Mr. Kam Wing Tim,陳漢文先生 Mr. Chan Hon Man
觀塘區,基法小學油塘,九龍油塘油塘道25號,23895458,23424459,enquiry@kfps.edu.hk,https://www.kfps.edu.hk,https://www.schooland.hk/ps/kfps,李寶文先生 Mr. Lee Po Man,黃成榮教授 Prof. Wong Sing Wing
觀塘區,陳呂重德紀念學校,九龍油塘高超徑5號,27099978,27720311,mail@clcts.edu.hk,http://www.clcts.edu.hk,https://www.schooland.hk/ps/clcts,梁俊傑先生 Mr. Leung Chun Kit,陳國超太平紳士 Dr. Chan Kwok Chiu
觀塘區,樂華天主教小學,九龍觀塘振華道81號,27585767,27583258,lwcps@lwcps.edu.hk,https://www.lwcps.edu.hk,https://www.schooland.hk/ps/lwcps,邱寶祺女士 Ms. Yau Bo Ki Joanne,"周啓明博士 Dr. Chau, Kai Ming Joseph"
觀塘區,閩僑小學,九龍牛頭角上邨安善道,27570490,23313422,mkaps@mkaps.edu.hk,http://www.mkaps.edu.hk,https://www.schooland.hk/ps/mkaps,葉淑婷女士 Ms. Yip Shuk Ting Ivy,曾文仲先生 Mr. Chan Boon Teong
觀塘區,聖公會基樂小學,九龍牛頭角樂華邨,27555611,27508790,info@skhklps.edu.hk,https://www.skhklps.edu.hk/,https://www.schooland.hk/ps/keilok,陳智明先生 Mr. Chan Chi Ming,李耀強牧師 Rev. Lee Yiu Keung
觀塘區,聖公會李兆強小學,九龍藍田平田邨安田街第一校舍,23408383,27273203,info@skhlsk.edu.hk,https://www.skhlsk.edu.hk,https://www.schooland.hk/ps/skhlsk,劉強先生 Mr. Lau Keung,王麗芬女士 Ms. Wong Lai Fun Paulina
觀塘區,聖公會德田李兆強小學,九龍觀塘藍田慶田街3號,27759338,27759882,info@skhttlsk.edu.hk,http://www.skhttlsk.edu.hk,https://www.schooland.hk/ps/skhttlsk,温志揚先生 Mr. Wan Chi Yeung,王麗芬女士 Ms. Wong Lai Fun Paulina
觀塘區,聖公會油塘基顯小學,九龍油塘油塘道23號,27570322,27170029,ykh@skhykh.edu.hk,http://www.skhykh.edu.hk,https://www.schooland.hk/ps/skhykh,蘇詠思女士 Ms. So Wing Sze,楊樂詩女士 Ms. Yeung Lok Sze
觀塘區,秀茂坪天主教小學,九龍觀塘寶達邨,23484218,23496359,sams@smpcps.edu.hk,http://www.smpcps.edu.hk,https://www.schooland.hk/ps/smpcps,楊美嘉女士 Ms. Yeung Mei Ka Sandy,馬德良神父 Rev. Thomas Terrance
觀塘區,秀明小學,九龍觀塘秀茂坪秀豐街5號,23493478,23796807,smpsmail@gmail.com,http://www.saumingps.edu.hk,https://www.schooland.hk/ps/saumingps,曾嘉文女士 Ms. Tsang Ka Man,卓愛華女士 Ms. Chuck Oi Wah
觀塘區,聖安當小學,九龍油塘道1號,23484283,23496371,info@saps.edu.hk,https://www.saps.edu.hk,https://www.schooland.hk/ps/saps,李偉鋒先生 Mr. Li Wai Fung,李笑容修女 Sister Li Siu Yung Maria Teresa
觀塘區,聖愛德華天主教小學,九龍觀塘藍田慶田街8號,27179585,23465472,stedwardcps@stedward.edu.hk,http://www.stedward.edu.hk,https://www.schooland.hk/ps/stedward,容偉鴻先生 Mr. Yung Wai Hung,包天浩先生 Mr. Balubun Anthonius Reynolds
觀塘區,路德會聖馬太學校(秀茂坪),九龍觀塘秀茂坪秀明道123號,27723797,27723779,school@smssmp.edu.hk,http://www.smssmp.edu.hk,https://www.schooland.hk/ps/smssmp,楊佩玲女士 Ms. Yeung Pui Ling,陳煜新牧師 Rev. Chan Yuk Sun
觀塘區,聖公會基顯小學,九龍牛頭角上邨,27507771,27951274,keihin@skhkeihin.edu.hk,http://www.skhkeihin.edu.hk,https://www.schooland.hk/ps/skhkeihin,鍾淑玲女士 Ms. Chung Shuk Ling,楊樂詩女士 Ms. Yeung Lok Sze
觀塘區,基法小學,九龍觀塘月華街34號,23418088,23424326,info@kfp.edu.hk,http://www.kfp.edu.hk,https://www.schooland.hk/ps/kfp,郭文釗先生 Mr. Kwok Man Chiu,黃慧英女士 Ms. Wong Wai Ying Paulina
觀塘區,聖若翰天主教小學,九龍觀塘宜安街29號,23890428,23574693,info@sjbcps.edu.hk,https://www.sjbcps.edu.hk,https://www.schooland.hk/ps/sjbcps,余文清女士 Principal U Man Ching,温國光神父 Rev. Wan Kwok Kwong
觀塘區,樂善堂楊仲明學校,九龍牛頭角樂華南邨,27559195,27961057,info@ycmps.edu.hk,https://www.ycmps.edu.hk,https://www.schooland.hk/ps/ycmps,蕭子亮先生 Mr. Siu Tsz Leung,梁紹安先生 Mr. Leung Siu On Clifford
油尖旺區,保良局陳守仁小學,九龍油麻地海庭道6號,23673318,23141873,info@plkctslps.edu.hk,http://www.plkctslps.edu.hk,https://www.schooland.hk/ps/plkctslps,周智銘先生 Mr. Chou Chi Ming,呂鈞堯先生 Mr. Lui Kwan Yiu
油尖旺區,拔萃女小學,九龍佐敦道1號,22779200,23858121,dgjs@dgjs.edu.hk,http://www.dgjs.edu.hk,https://www.schooland.hk/ps/dgjs,明皓博士 Dr. Ming Ho Holly,余嘉寶女士 Ms. Yu Ka Po Benita
油尖旺區,漢師德萃學校,九龍旺角洗衣街22號,23162108,23446238,info@sthilarys.edu.hk,https://vnsaasthilarys.edu.hk/,https://www.schooland.hk/ps/vnsaa,朱子穎先生（總,張灼祥先生
油尖旺區,佐敦道官立小學,九龍油麻地南京街1號B,23324249,27709559,jrgps@edb.gov.hk,http://www.jrgps.edu.hk,https://www.schooland.hk/ps/jrgps,張海嵐女士 Ms. Cheung Hoi Lan,蔡敏儀女士 Ms. Choi Man Yee Katharine
油尖旺區,循道學校,九龍何文田衞理道12號,39762200,39762299,info@kmsch.edu.hk,https://www.kmsch.edu.hk,https://www.schooland.hk/ps/kmsch,陳淑英女士 Ms. Chan Shuk Ying,林彥民教授 Mr. Lam Yin Mun Edmund
油尖旺區,基道小學,九龍油麻地東莞街45號,27804455,27712224,info@keito.edu.hk,http://keito.school.hk,https://www.schooland.hk/ps/keito,林美霞女士 Ms. Lam Mei Ha,陸輝牧師 Rev. Luk Fai
油尖旺區,嘉諾撒聖瑪利學校,九龍柯士甸道162號,23684204,23141966,school@smcs.edu.hk,http://www.smcs.edu.hk,https://www.schooland.hk/ps/smcs,區敏儀女士 Principal Au Man Yi,黃佩玲修女 Sister Wong Pui Ling Virginia
油尖旺區,東華三院羅裕積小學,九龍油麻地碧街51號,27800039,23841605,lycps@tungwah.org.hk,https://www.twghlycp.edu.hk,https://www.schooland.hk/ps/twghlycp,王潔明,楊燕芝太平紳士 Jp. Yeung Yin Chi Jennifer
油尖旺區,德信學校,九龍柯士甸道103號,23673446,23661589,mail@taksun.edu.hk,http://www.taksun.edu.hk,https://www.schooland.hk/ps/taksun,李英超先生 Mr. Lee Ying Chiu,何炳德博士 Dr. Herbert Peter
油尖旺區,東莞同鄉會方樹泉學校,東莞街43號,27802296,27707590,info@tkfsc-school.edu.hk,http://www.tkfsc-school.edu.hk,https://www.schooland.hk/ps/tkfsc,曾英賢先生 Mr. Tsang Ying Yin,王賜豪醫生 Dr. Wong Chi Ho Jimmy
油尖旺區,油蔴地天主教小學,九龍油蔴地東莞街41號,27807311,27807313,ycps@ymtcps.edu.hk,https://www.ymtcps.edu.hk,https://www.schooland.hk/ps/ymtcps,余佩琴女士 Ms. Yu Pui Kam Lourdes,葉定國先生 Mr. Ip Ting Kwok
油尖旺區,油蔴地天主教小學(海泓道),九龍油蔴地海泓道10號,26250766,26250262,info@ycps.edu.hk,https://www.ycps.edu.hk,https://www.schooland.hk/ps/ycps,陳淑儀女士 Ms. Chan Shuk Yee Polly,葉定國神父 Father Ip Ting Kwok
油尖旺區,油蔴地街坊會學校,九龍油蔴地眾坊街80號,23888327,27830854,ymtkfas@eservices.hkedcity.net,http://www.ymtkfas.edu.hk,https://www.schooland.hk/ps/ymtkfas,黃穎詩女士 Ms. Wong Wing Sze,楊子熙先生 Mr. Yeung Tsz Hei
油尖旺區,塘尾道官立小學,九龍旺角塘尾道170號,23930800,23914777,info@tmrgps1.edu.hk,https://www.tmr.edu.hk,https://www.schooland.hk/ps/tmrgps,曾國偉先生 Mr. Tsang Kwok Wai,陳潔玲女士 Ms. Chan Kit-Ling
油尖旺區,大角嘴天主教小學(海帆道),九龍大角咀海帆道20號,21914270,21914252,admin@tktcpshfr.edu.hk,https://www.tktcpshfr.edu.hk,https://www.schooland.hk/ps/tktcpshfr,梁孝友先生 Mr. Leung Hau Yau,邱國麗女士 Ms. Yau Kwok Lai Frances
油尖旺區,協和小學,九龍太子道西191B,23814343,23819257,enquiry@heepwoh.edu.hk,http://www.heepwoh.edu.hk,https://www.schooland.hk/ps/heepwoh1,翁美茵女士 Ms. Yung Mei Yan,蘇成溢牧師 Rev. So Shing Yit Eric
油尖旺區,基全小學,九龍大角咀道150號,23928221,23990319,kts-mail@cccktps.edu.hk,https://www.cccktps.edu.hk,https://www.schooland.hk/ps/cccktps,葉雪姸女士 Ms. Yip Suet Yin,翁傳鏗牧師 Rev. Yung Chuen Hung
油尖旺區,鮮魚行學校,九龍大角咀詩歌舞街33號,23938958,23966702,ffts@ffts.edu.hk,https://www.ffts.edu.hk,https://www.schooland.hk/ps/ffts,施志勁先生 Mr. Sze Chi King,黃天雄先生 Mr. Wong Tin Hung
油尖旺區,聖公會基榮小學,九龍大角咀荔枝角道23號,23800349,23811768,info@skhkwps.edu.hk,http://www.skhkwps.edu.hk,https://www.schooland.hk/ps/skhkwps,楊銳湘先生 Mr. Yeung Yui Sheung,范晋豪牧師 Rev. Fan Chun Ho Samson Jeremiah
油尖旺區,大角嘴天主教小學,九龍大角咀道148號,23952521,23911906,sch@tktcps.edu.hk,https://www.tktcps.edu.hk,https://www.schooland.hk/ps/tktcps,周德輝先生 Mr. Chow Tak Fai,劉柏齡先生 Mr. Lau Pak Ling
油尖旺區,路德會沙崙學校,九龍大角咀櫻桃街18號,23920221,23981856,sharon@sharonlu.edu.hk,http://www.sharonlu.edu.hk,https://www.schooland.hk/ps/sharonlu,馮惠霖女士 Ms. Fung Wai Lam,陳柱中先生 Mr. Chan Chu Chung
油尖旺區,李炳紀念學校,九龍衞理道33號,23846904,27709664,lpp-mail@hkedcity.net,https://www.kwwclpms.edu.hk,https://www.schooland.hk/ps/kwwclpms,林嘉康,汪梅冽女士 Ms. Wang Mei Lieh Mariette
深水埗區,英華小學,九龍深水埗英華街3號,27283320,27286266,school@yingwa.hk,http://www.yingwaps.edu.hk,https://www.schooland.hk/ps/yingwaps,陳美娟博士 Dr. Chan May Kuen Sylvia,曾昭群太平紳士 Mr. Tsang Chiu Kwan
深水埗區,聖瑪加利男女英文中小學,九龍深水埗深旺道33號,23966675,27890485,enquiry@smcesps.edu.hk,https://www.smcesps.edu.hk,https://www.schooland.hk/ps/smcesps,李蘭苑女士 Ms. Lee Lan Yuen Nancy,伍志衡先生 Mr. Tin Htun Chi Hang Cyrus
深水埗區,嶺南大學香港同學會小學,九龍白田街33號,27768453,27768452,info@luaaps.edu.hk,http://www.luaaps.edu.hk,https://www.schooland.hk/ps/luaaps,吳曉靈,梁延溢博士 Dr. Leung Yin Yat William
深水埗區,聖方濟各英文小學,九龍石硤尾街58號,27797654,27769710,enquiry@sfaeps.edu.hk,http://www.sfaeps.edu.hk,https://www.schooland.hk/ps/sfaeps,譚嘉明女士 Ms. Tam Ka Ming,丁德貞女士 Ms. Ting Tak Ching Teresa
深水埗區,啟基學校,九龍界限街71號新翼,23816228,27890386,chanscreative@ccs.edu.hk,http://www.ccs.edu.hk,https://www.schooland.hk/ps/ccs,何燕華女士 Ms. Ho Yin Wah Cynthia,黃陸永恩女士 Mrs. Wong Luk Wing Yan Winnie
深水埗區,地利亞英文小學暨幼稚園,九龍美孚新邨百老匯街84-86號,27422027,27441367,mp@deliagroup.edu.hk,http://www.deliapri-kg.edu.hk,https://www.schooland.hk/ps/delia,張文惠博士 Dr. Cheung Man Wai William,張文惠博士 Dr. Cheung Man Wai William
深水埗區,九龍禮賢學校,九龍又一村石竹路2A,23806011,27877901,info@krs.edu.hk,http://www.krs.edu.hk,https://www.schooland.hk/ps/krs,吳玉英女士 Ms. Ng Yuk Ying Candice,鄧少軒先生 Mr. Tang Siu Hin
深水埗區,保良局蔡繼有學校,九龍深水埗郝德傑道6號,21482052,29589797,info@cky.edu.hk,http://www.cky.edu.hk,https://www.schooland.hk/ps/cky,劉筱玲,梁安琪小姐
深水埗區,德雅小學,九龍又一村達之路20號,23806581,27899354,tnps@eservices.hkedcity.net,http://www.tnps.edu.hk,https://www.schooland.hk/ps/tnps,曾美琼修女 Sister Tsang Mei King,曾美琼修女 Sister Tsang Mei King
深水埗區,崇真小學暨幼稚園,九龍大埔道58號,27773679,27777256,ttpskg@ttpskg.edu.hk,http://www.ttpskg.edu.hk,https://www.schooland.hk/ps/ttpskg,陳欣欣署任,周燕鏞女士 Ms. Chow Yin Yung Esther
深水埗區,新會商會港青基信學校,深水埗廣利道5號,23613383,23613962,admission@cs.edu.hk,https://www.cs.edu.hk,https://www.schooland.hk/ps/swcscs,Mrs Catherine Chan,何慶濂先生
深水埗區,百卉九江書院,九龍石硤尾培德街7號,23112268,23112229,admin@bloom.edu.hk,https://bloom.edu.hk/,https://www.schooland.hk/ps/bloom,韋伊凌女士,關兆安先生
深水埗區,博睿學校,九龍美孚新邨6期恆柏道2樓平台6A號,53456706,,lindenwaldorfhk@gmail.com,https://www.waldorfchildhood.org/,https://www.schooland.hk/ps/linden,,
深水埗區,深水埗官立小學,九龍深水埗深旺道101號,29590555,29590566,email@sspgps.edu.hk,https://www.sspgps.edu.hk,https://www.schooland.hk/ps/sspgps,劉婉珊女士 Ms. Lau Yuen Shan,陳碧華博士 Dr. Chan Pik-Wa Gloria
深水埗區,福榮街官立小學,九龍深水埗福榮街231號,23869426,27089854,fwsgps@edb.gov.hk,https://www.fwsgps.edu.hk,https://www.schooland.hk/ps/fwsgps,鄭玉清女士 Ms. Cheng Yuk Ching,"陳碧華博士 Dr. Chan Pik Wa, Gloria"
深水埗區,李鄭屋官立小學,九龍深水埗東京街43號,23868049,27089950,lcugps@edb.gov.hk,http://www.lcu.edu.hk,https://www.schooland.hk/ps/lcu,徐秀雯女士 Ms. Chui Sau Man Camilla,林思嫺女士 Ms. Lam Si-Hang Yvonne
深水埗區,郭怡雅神父紀念學校,新界青衣長青邨第一期屋邨第二校舍,24951922,24977197,fcms01@fcms.edu.hk,http://www.fcms.edu.hk,https://www.schooland.hk/ps/fcms,蔡偉傑先生 Mr. Choi Wai Kit,林祖明神父 Rev. Lam Cho Ming
深水埗區,長沙灣天主教小學,九龍深水埗長沙灣東京街7號,27761423,27766201,csw@cswcps.edu.hk,https://www.cswcps.edu.hk/,https://www.schooland.hk/ps/paktin,謝至美女士 Ms. Tse Chi Mei,包俊偉神父 Father Baudry Gervais Emmanuel Paul J.
深水埗區,聖公會聖紀文小學,九龍長沙灣幸福街5號,23615663,23605166,info@skhscps.edu.hk,https://www.skhscps.edu.hk,https://www.schooland.hk/ps/skhscps,馬俊江先生 Mr. Ma Chun Kong,蘇啟明先生 Mr. So Kai Ming
深水埗區,深水埔街坊福利會小學,九龍深水埗汝州街88號,23819504,23914112,admin@sspkw.edu.hk,https://sspkw.edu.hk,https://www.schooland.hk/ps/sspkw,張麗雲女士 Ms. Cheung Lai Wan,
深水埗區,大坑東宣道小學,九龍大坑東棠蔭街23號及13號,27778949,27761585,aps@apstht.edu.hk,http://www.apstht.edu.hk,https://www.schooland.hk/ps/apstht,"劉雪綸女士 Ms. Lau, Sherlene",黃順琪先生 Mr. Wong Shun Ki Aaron
深水埗區,深信學校,九龍石硤尾培德街8號,27790106,27761743,info@elchkfls.edu.hk,https://www.fls.edu.hk,https://www.schooland.hk/ps/fls,潘自榮先生 Mr. Poon Chi Wing,楊有志先生 Mr. Yeung Yau Chi Jackson
深水埗區,香港四邑商工總會新會商會學校,九龍石硤尾大坑東棠蔭街21號,27779515,27761344,info@sycias.edu.hk,http://www.sycias.edu.hk,https://www.schooland.hk/ps/sycias,張寶璋先生 Mr. Chang Po Cheung,趙子基先生 Mr. Chiu Tsz Kei
深水埗區,瑪利諾神父教會學校(小學部),九龍深水埗海麗街11號,27788235,27761744,info@mfsp.edu.hk,http://www.mfsp.edu.hk/,https://www.schooland.hk/ps/mfpps,吳偉文博士 Dr. Ng Wai Man,葉嘉雯女士 Ms. Yeh Agnes Garman
深水埗區,聖方濟愛德小學,九龍石硤尾偉智街7號,27772752,27761814,info@sfacs.edu.hk,https://www.sfacs.edu.hk,https://www.schooland.hk/ps/sfacs,王澤純女士 Ms. Wong Chak Shun,趙潔文女士 Ms. Chiu Kit Man Emily
深水埗區,天主教善導小學,九龍深水埗廣利道9號,23865392,27089954,info@mail.gccps.edu.hk,https://www.gccps.edu.hk,https://www.schooland.hk/ps/gccps,方富祥先生 Mr. Fong Fu Cheung,陳傑楹女士 Ms. Chan Kit Ying
深水埗區,旅港開平商會學校,九龍荔枝角道700號,23875605,27254961,hoiping@hpccps.edu.hk,https://www.hpccps.edu.hk,https://www.schooland.hk/ps/hpccps,周錦鋒先生 Mr. Chow Kam Fung,何華錦先生 Mr. Ho Wah Kam
深水埗區,寶血會嘉靈學校,九龍深水埗海壇街280號,23864542,27089924,info@kalingpb.edu.hk,https://www.kalingpb.edu.hk,https://www.schooland.hk/ps/kalingpb,馮敏兒女士 Ms. Fung Man Yi Wendy,蘇肖好修女 Sister So Chiu Ho
深水埗區,荔枝角天主教小學,九龍深水埗興華街西6號,27433836,27432026,info@lcps.edu.hk,https://www.lcps.edu.hk,https://www.schooland.hk/ps/lcps,劉偉傑先生 Mr. Lau Wai Kit,包俊偉神父 Rev. Baudry Gervais Emmanuel Paul J.
深水埗區,聖公會基福小學,九龍長沙灣道555號,23871121,23871131,info@keifook.edu.hk,http://www.keifook.edu.hk,https://www.schooland.hk/ps/keifook,朱偉基先生 Mr. Chu Wai Ki Stanton,范晋豪牧師 Rev. Fan Chun Ho Samson Jeremiah
深水埗區,聖公會基愛小學,九龍深水埗廣利道15號,23862463,23877613,info@keioi.edu.hk,http://www.keioi.edu.hk,https://www.schooland.hk/ps/keioi,張樂霈女士 Ms. Cheung Lok Pui Ami,李一帆牧師 Rev. Lee Yat Fan Frankie
深水埗區,聖公會聖安德烈小學,九龍深水埗海麗街3號,29591551,29596353,andrew@skhstandrews.edu.hk,http://www.skhstandrews.edu.hk,https://www.schooland.hk/ps/skhstandrews,陳嘉文先生 Mr. Chan Ka Man,曾慶松先生 Mr. Tsang Hing Chung
深水埗區,聖公會聖多馬小學,九龍深水埗東沙島街145號,27793076,27761841,info@skhstthomas.edu.hk,http://www.skhstthomas.edu.hk,https://www.schooland.hk/ps/skhstthomas,徐麗賢女士 Ms. Chui Lai Yin,岑延威校監 Mr. Tseng Yen Wei William
深水埗區,五邑工商總會學校,九龍深水埗永康街70號,23071017,23700692,info@fdbwa.edu.hk,http://www.fdbwa.edu.hk,https://www.schooland.hk/ps/fdbwa,宗燕芬女士 Ms. Chung Yin Fun Cally,甄文輝先生 Mr. Yan Man Fai
深水埗區,中華基督教會協和小學(長沙灣),九龍深水埗東京街18號,21119099,21119826,email@heepwohcsw.edu.hk,http://www.heepwohcsw.edu.hk,https://www.schooland.hk/ps/heepwoh2,蔡世鴻先生 Mr. Choy Sai Hung,陳應城教授 Prof. Chan Ying Shing
葵青區,地利亞(閩僑)英文小學,新界青衣長安邨第二期,24325123,24321218,ty@deliagroup.edu.hk,http://www.deliamk.edu.hk,https://www.schooland.hk/ps/deliamk,張國威先生 Mr. Cheung Kwok Wai Alan,左筱霞女士 Ms. Chor Siu Har
葵青區,慈幼葉漢千禧小學,新界葵涌石排街9號,24291177,24233616,email@syh.edu.hk,http://www.syh.edu.hk,https://www.schooland.hk/ps/syh,黃偉堅先生 Mr. Wong Wai Kin Eugene,張子昭神父 Mr. Rev. Louis Cheung
葵青區,石籬天主教小學,新界葵涌石梨街18號石籬二邨,24203186,24841426,sheklei@sheklei.edu.hk,https://www.sheklei.edu.hk,https://www.schooland.hk/ps/sheklei,梁汝輝先生 Mr. Leung Yu Fai,張偉菁女士 Ms. Cheung Wai Ching Ada
葵青區,聖公會主愛小學,葵涌石蔭童子街45號,24267424,24272233,email@chuoi.edu.hk,https://www.chuoi.edu.hk,https://www.schooland.hk/ps/chuoi,潘靄玲女士 Ms. Poon Oi Ling Kitty,郭始基先生 Mr. Kwok Chi Kay Peter
葵青區,慈幼葉漢小學,新界葵涌安蔭邨,24202727,24254133,enquiry@syhps.edu.hk,http://www.syhps.edu.hk,https://www.schooland.hk/ps/syhps,陳婉琪女士 Ms. Chan Yuen Kee Karen,張子昭神父 Father Cheung Chi Chiu Louis
葵青區,石籬聖若望天主教小學,新界葵涌大白田街99號,35950036,35950163,slsj@slsj.edu.hk,https://www.slsj.edu.hk,https://www.schooland.hk/ps/slsj,陳寶怡女士 Ms. Chan Po Yee,蔡德昇太平紳士 Mr. Choi Tak Shing Stanley
葵青區,佛教林炳炎紀念學校,新界荃灣大廈街33號,24220125,24841417,info@blbyms.edu.hk,http://www.blbyms.edu.hk,https://www.schooland.hk/ps/blbyms,許定國先生 Mr. Hui Ting Kwok,許明法師 Ven. Hee Meng
葵青區,聖公會主恩小學,新界葵涌葵盛邨第二號校舍,24201915,24100695,info@chuyan.edu.hk,http://www.chuyan.edu.hk,https://www.schooland.hk/ps/chuyan,勞子奔先生 Mr. Lo Tse Pan,鄒小磊先生 Mr. Chow Siu Lui
葵青區,祖堯天主教小學,新界葵涌祖堯邨敬祖路10號,27423701,27423704,info@cycps.edu.hk,http://www.choyiu.edu.hk,https://www.schooland.hk/ps/choyiu,陳志恒先生 Mr. Chan Chi Hang Nelson,黃敏冰女士 Ms. Wong Man Ping Annie
葵青區,聖公會仁立紀念小學,新界葵涌上角街13號,24286600,24286111,mail@ylm.edu.hk,http://www.ylm.edu.hk,https://www.schooland.hk/ps/ylm,余茵茵女士 Ms. Yee Yan Yan,鄒小磊先生 Mr. Chow Siu Lui
葵青區,佛教林金殿紀念小學,新界葵涌葵芳邨第五期,24221747,24841419,info@lkt.edu.hk,https://www.lkt.edu.hk,https://www.schooland.hk/ps/lkt,吳永雄先生 Mr. Ng Wing Hung,許明法師 Ven. Hee Meng
葵青區,亞斯理衞理小學,新界葵涌荔景邨第二校舍,27429499,23700675,mail@asbury.edu.hk,http://www.asbury.edu.hk,https://www.schooland.hk/ps/asbury,黃煒恒先生 Mr. Wong Wai Hang,陳嘉麗女士 Ms. Chan Ka Lai
葵青區,全完第二小學,新界荃灣大窩口上角街3號,24201220,24101401,info@cy2.edu.hk,http://www.chuenyuen2.edu.hk,https://www.schooland.hk/ps/chuenyuen2,謝家盈,余煊博士 Dr. Yu Huen
葵青區,許大同學校,新界葵涌葵興邨第一座校舍,24219159,24283310,info@cnectt.edu.hk,http://www.cnectt.edu.hk,https://www.schooland.hk/ps/cnectt,鄭婉婷女士 Ms. Cheng Yuen Ting,林明祥先生 Mr. Lam Ming Cheung Clement
葵青區,基真小學,新界葵涌華麗徑11號,27419907,27853732,info@keichun.edu.hk,http://www.keichun.edu.hk,https://www.schooland.hk/ps/keichun,彭潔嫻女士 Ms. Pang Kit Han Fiona,蒲錦昌牧師 Ms. Po Kam Cheong
葵青區,葵盛信義學校,新界葵涌葵盛東邨,24225187,24199470,kslps@kslps.edu.hk,http://www.kslps.edu.hk,https://www.schooland.hk/ps/kslps,徐起鸝,黃根良校監 Supervisor Wong Kan Leung
葵青區,盧光輝紀念學校,新界葵涌葵盛圍221號,24290452,24801757,info@lkfms.edu.hk,http://www.lkfms.edu.hk/,https://www.schooland.hk/ps/lynms,鄧瑞瑩博士 Dr. Tang Sui Ying,吳煥玲女士 Ms. Ng Woon Ling
葵青區,聖公會仁立小學,新界葵涌葵盛圍399號,24207986,24940469,ylp-mail@yanlaap.edu.hk,http://www.yanlaap.edu.hk,https://www.schooland.hk/ps/yanlaap,羅春鳳,嚴志成博士 Dr. Yim Chi Shing
葵青區,東華三院高可寧紀念小學,新界葵涌麗瑤邨,27450511,27863085,mail@twghkhnmp.edu.hk,http://www.twghkhnmp.edu.hk,https://www.schooland.hk/ps/twghkhnmp,區瑋峰先生 Mr. Au Wai Fung,蔡加怡女士 Ms. Choi Ka Yee Crystal
葵青區,中華傳道會呂明才小學,新界青衣長發邨,24977557,24357445,email@cneclmc.edu.hk,https://www.cneclmc.edu.hk,https://www.schooland.hk/ps/cneclmc,梁漢基先生 Mr. Leung Hon Kei,陳士龍先生 Mr. Chan Sze Lung Kenneth
葵青區,保良局陳溢小學,新界青衣長康邨第二小學,24976073,24354695,cy@plkcy.edu.hk,http://www.plkcy.edu.hk,https://www.schooland.hk/ps/plkcy,冼翠華女士 Ms. Sin Chui Wah,蔡加敏女士 Ms. Choi Ka Man Carmen
葵青區,聖公會何澤芸小學,新界青衣長亨邨,24322789,24327177,info@skhhcw.edu.hk,https://www.skhhcw.edu.hk,https://www.schooland.hk/ps/skhhcw,張昌明先生 Mr. Cheung Cheong Ming,蘇啟明先生 Mr. So Kai Ming
葵青區,聖公會青衣主恩小學,青衣長宏邨,24332225,24339555,info@tycy.edu.hk,http://www.tycy.edu.hk,https://www.schooland.hk/ps/tycy,鄧志鵬先生 Mr. Tang Chi Pang,鄒小磊先生 Mr. Chow Siu Lui
葵青區,青衣商會小學,新界青衣長康邨青康路12號,24979288,24970140,info@tytaps.edu.hk,http://www.tytaps.edu.hk,https://www.schooland.hk/ps/tytaps,麥美茵女士 Ms. Mak Mei Yan,羅競成先生 Mr. Law King Shing
葵青區,保良局世德小學,新界青衣青綠街,24363923,24364113,info@plkcastar.edu.hk,https://www.plkcastar.edu.hk,https://www.schooland.hk/ps/plkcastar,葉麗芳女士 Ms. Yip Lai Fong,陳思暐先生 Mr. Chan Sye Wai
葵青區,聖公會青衣邨何澤芸小學,新界青衣第一區小學校舍,24327331,24956734,info@tyehcw.edu.hk,http://www.tyehcw.edu.hk,https://www.schooland.hk/ps/tyehcwps,雷頴笙女士 Ms. Lui Wing Sang Stephanie,周偉文先生 Mr. Chow Wai Man
葵青區,東華三院周演森小學,新界青衣青芊街8號,24331081,24331091,cysps@tungwah.org.hk,https://twghscysps.edu.hk,https://www.schooland.hk/ps/twghscysps,鄭敏嫻女士 Ms. Cheng Man Han Emily,李曠怡先生 Mr. Lee Kwong Yee Jason Joseph
葵青區,東華三院黃士心小學,新界青衣長安邨,24978784,24352947,wssps@tungwah.org.hk,https://www.twghwssp.edu.hk,https://www.schooland.hk/ps/wssps,黃頴心女士 Ms. Wong Wing Sum,蔡加怡女士 Ms. Choi Ka Yee Crystal
葵青區,荃灣商會學校,新界青衣青衣邨第一期,24977911,24951133,schoolmail@twtaps.edu.hk,http://www.twtaps.edu.hk,https://www.schooland.hk/ps/twtaps,周劍豪先生 Mr. Chow Kim Ho,朱德榮先生 Mr. Chu Tak Wing
葵青區,仁濟醫院趙曾學韞小學,新界青衣青衣邨第二期屋邨小學,24331788,24357023,info@ychcthwps.edu.hk,https://www.ychcthwps.edu.hk,https://www.schooland.hk/ps/ychcthwps,馮婉婷女士 Ms. Fung Yuen Ting,李富成先生 Mr. Lee Fu-Sing
荃灣區,海壩街官立小學,新界荃灣啟志街1號,24902828,24906272,hoipa@hpsgps.edu.hk,https://www.hpsgps.edu.hk,https://www.schooland.hk/ps/hpsgps,鄧筱筠女士 Ms. Tang Siu Kwan,"石慧嫻女士 Ms. Shek Wai Haan, Kitty"
荃灣區,荃灣官立小學,新界荃灣青山公路600號,24156313,24156013,twgps@edb.gov.hk,https://www.twgps.edu.hk,https://www.schooland.hk/ps/twgps,麥綺玲女士 Ms. Mak Yee Ling Elaine,"蔡敏儀女士 Ms. Choi Man Yee, Katharine"
荃灣區,香港浸信會聯會小學,新界荃灣麗城花園麗順路２號,24932494,24920922,school@hkbcps.edu.hk,http://www.hkbcps.edu.hk,https://www.schooland.hk/ps/hkbcps,張瑞瑜女士 Ms. Cheung Shui Yu,梁志衡先生 Mr. Leung Chi Hang Wilfred
荃灣區,寶血會思源學校,新界荃灣城門道2號,35906061,35906064,sys@sys.edu.hk,http://www.sys.edu.hk,https://www.schooland.hk/ps/sys,鄒桂芳女士 Ms. Chow Kwai Fong,游勵明修女 Sister Yau Lai Ming
荃灣區,荃灣潮州公學,荃灣海壩街80號,24905410,24904732,info@twccps.edu.hk,http://www.twccps.edu.hk,https://www.schooland.hk/ps/twccps,許金珠,蔡文治校監 Mr. Choi Man Chi
荃灣區,全完第一小學,新界荃灣永順街36號,24900336,24158627,info@cyf.edu.hk,http://www.cyf.edu.hk/,https://www.schooland.hk/ps/chuenyuen1,譚光德先生 Mr. Tam Kwong Tak Dicky,陳嫣虹女士 Ms. Chan Yin Hung Kuby
荃灣區,基慧小學,荃灣荃景圍167-185號,24980383,24158656,info@kws.edu.hk,https://www.kws.edu.hk,https://www.schooland.hk/ps/kws,宗志深先生 Mr. Chung Chi Sum Samuel,歐陽志剛先生 Mr. Au-Yeung Chi Kong
荃灣區,中華基督教會基慧小學(馬灣),新界荃灣馬灣珀麗灣珀林路12號,29863111,29863617,info@kwmwps.edu.hk,http://www.kwmwps.edu.hk,https://www.schooland.hk/ps/kwmwps,何寶鈴女士 Ms. Ho Po Ling,蘇成溢牧師 Rev. So Shing Yit Eric
荃灣區,深井天主教小學,新界荃灣青山公路深井段37號,24903912,24903913,sch@stcpri.edu.hk,http://www.stcpri.edu.hk,https://www.schooland.hk/ps/stcpri,周詠詩女士 Ms. Chau Wing Sze,容寶樹先生 Mr. Yung Po Shu Benjamin
荃灣區,柴灣角天主教小學,新界荃灣安賢街2-10號,24903490,24904176,cwk@cwk.edu.hk,http://www.cwk.edu.hk,https://www.schooland.hk/ps/cwk,吳靜霞女士 Ms. Ng Ching Ha,梁綺媚女士 Ms. Leung Yee Mei
荃灣區,靈光小學,新界深井青山公路13咪,24910256,24915752,info2us@emm.edu.hk,https://www.emm.edu.hk,https://www.schooland.hk/ps/emm,黃啟倫先生 Mr. Wong Kai Lun Marcus,何皓良先生 Mr. Ho Ho Leung
荃灣區,圓玄學院石圍角小學,新界荃灣石圍角邨第二小學校舍,24165447,24920024,swk@mail.swk.edu.hk,http://www.swk.edu.hk,https://www.schooland.hk/ps/swk,郭敏麗女士 Ms. Kwok Man Lai,趙耀年先生 Mr. Chiu Yiu Nin
荃灣區,路德會聖十架學校,新界荃灣路德圍31號,24157878,24900049,hcls@hcls.edu.hk,http://www.hcls.edu.hk,https://www.schooland.hk/ps/hcls,王淑芬女士 Ms. Wong Shuk Fan Luparker,陸展宏先生 Mr. Luk Chin Wan
荃灣區,天主教石鐘山紀念小學,新界荃灣海濱花園永順街39號,24086373,24077180,info@scs.edu.hk,https://www.scs.edu.hk/,https://www.schooland.hk/ps/scs,丘宇文先生 Mr. Yau Yue Man,黃景聲執事 Rev. Wong King Sing
荃灣區,荃灣天主教小學,荃灣德華街37-41號,24923460,24926395,info@twcps.edu.hk,https://www.twcps.edu.hk,https://www.schooland.hk/ps/twcps,陳碧琪女士 Ms. Chan Pik Ki Peggy,黃景聲執事 Rev. Wong King Sing
荃灣區,荃灣公立何傳耀紀念小學,新界荃灣石圍角邨屋邨第一小學,24169596,24902331,info@hcy.edu.hk,https://www.hcy.edu.hk/,https://www.schooland.hk/ps/twpsch,朱慧敏女士 Ms. Chu Wai Man Maria,楊建林先生 Mr. Yeung Kin Lam Johnny
荃灣區,寶血會伍季明紀念學校,新界荃灣蕙荃路22-66號綠楊新邨,24988911,24153326,info@kmw.edu.hk,http://www.kmw.edu.hk,https://www.schooland.hk/ps/kmw,鍾詠嫺女士 Ms. Chung Wing Han Sara,劉燕棠修女 Sister Lau Yin Tong
荃灣區,天佑小學,新界荃灣河背街68號,24922929,24906498,info@mpschool.edu.hk,https://www.mpschool.edu.hk,https://www.schooland.hk/ps/mpps,李喜森先生 Mr. Lee Hei Sum Lawrence,趙冠施女士 Ms. Chiu Koon See
荃灣區,梨木樹天主教小學,新界荃灣梨木樹邨第二號校舍,24263333,24226654,lmscps@lmscps.edu.hk,https://www.lmscps.edu.hk,https://www.schooland.hk/ps/lmscps,戴顯政女士 Ms. Dai Hin Ching,黃綺霞女士 Ms. Wong Yi Ha
荃灣區,嗇色園主辦可信學校,新界葵涌梨木樹邨第三座校舍,24248861,24289296,hsps@hoshun.edu.hk,http://www.hoshun.edu.hk,https://www.schooland.hk/ps/hoshun,陳育鳴先生 Mr. Chan Yuk Ming,茹志昭先生 Mr. Yu Tommy
荃灣區,聖公會主愛小學(梨木樹),新界荃灣梨木樹邨,24011985,24223423,chuoi@chuoi-lms.edu.hk,http://www.chuoi-lms.edu.hk,https://www.schooland.hk/ps/chuoi-lms,黃鳳兒女士 Ms. Wong Fung Yee,郭始基先生 Mr. Kwok Chi Kay Peter
沙田區,王錦輝中小學,沙田石門安睦里6號,26372277,26372077,a-school-ps@hkbuas.edu.hk,https://www.hkbuas.edu.hk,https://www.schooland.hk/ps/hkbuas,陳偉佳博士 Dr. Chan Wai Kai,傅浩堅教授 Prof. Fu Hoo Kin Frank
沙田區,培僑書院,沙田大圍大圍新村路1號,26023166,26023177,info@puikiu.edu.hk,https://www.puikiucollege.edu.hk,https://www.schooland.hk/ps/puikiucollege,吳育智先生 Mr. Wu Yuk Chi,曾鈺成先生 Mr. Tsang Yok Sing Jasper
沙田區,啓新書院,新界沙田馬鞍山恆明街5號,35563556,35563446,info@rchk.edu.hk,https://www.rchk.edu.hk,https://www.schooland.hk/ps/renaissance,Mr Brown Jr Harry Thomas,Mrs Greer Belinda Margaret
沙田區,安菲爾學校,新界沙田大圍龍柏街1號,26928823,26928678,office@anfield.edu.hk,https://anfield.edu.hk/,https://www.schooland.hk/ps/anfield,Ms. Vicky Davies,Mr. Haresh Ramchandani
沙田區,沙田官立小學,新界沙田新田圍邨,26053304,26022489,stgps@edb.gov.hk,https://www.stgps.edu.hk,https://www.schooland.hk/ps/stgps,"李麗梅女士 Ms. Lee Lai-Mui, Agnes",葉秀媚女士 Ms. Yip Sau Mei
沙田區,保良局王賜豪(田心谷)小學,新界沙田隆亨邨2A地段,26062363,26927711,school@plkwch.edu.hk,https://www.plkwch.edu.hk,https://www.schooland.hk/ps/plkwch,畢錦龍先生 Mr. Pat Kam Lung,梁鈞滺先生 Mr. Leung Winson Kwan Yau
沙田區,張煊昌學校,新界沙田顯徑村嘉田苑,26931898,26936538,info@tcps.edu.hk,https://www.tcps.edu.hk,https://www.schooland.hk/ps/tcps,陳思頴女士 Ms. Chan Sze Wing,游應森先生 Mr. Yau Ying Sum
沙田區,迦密愛禮信小學,沙田大圍顯徑邨,26996945,26019441,info@calps.edu.hk,http://www.calps.edu.hk,https://www.schooland.hk/ps/calps,易惠如女士 Ms. Yick Wai Yu,容玉儀女士 Ms. Yung Yuk Yee
沙田區,宣道會陳元喜小學,新界沙田美林邨,26998030,26031446,mail@cahcc.edu.hk,https://www.cahcc.edu.hk,https://www.schooland.hk/ps/cahcc,吳澤來,羅俊虹先生 Mr. Law Chun Hung
沙田區,循理會白普理基金循理小學,新界沙田新翠邨第一號校舍,26057755,26020092,info@clam.edu.hk,http://www.chunlei.edu.hk,https://www.schooland.hk/ps/chunlei,楊錦銚先生 Mr. Yeung Kam Yiu,李樂成先生 Mr. Li Lok Shing Samuel
沙田區,循理會美林小學,新界沙田大圍美城苑,26052868,26022709,fmml@netvigator.com,http://www.fmml.edu.hk,https://www.schooland.hk/ps/fmml,招捷玲女士 Ms. Chiu Chit Ling,李欣欣女士 Ms. Lee Yan Yan Yolanda
沙田區,東華三院冼次雲小學,新界沙田大圍積福街38號,26949272,26027661,scwps@tungwah.org.hk,https://www.scwps.edu.hk,https://www.schooland.hk/ps/scwps,黃偉興先生 Mr. Wong Wai Hing,曾慶業先生 Mr. Tseng Hing Yip York
沙田區,東莞工商總會張煌偉小學,新界沙田新翠邨第三期,25163000,26020490,cwwps@cwwps.edu.hk,https://www.cwwps.edu.hk,https://www.schooland.hk/ps/cwwps,梁偉基,黎惠權先生 Mr. Lai Wai Kuen
沙田區,聖母無玷聖心學校,新界沙田大圍美田路1號,26912171,26021110,info@ihms.edu.hk,https://www.ihms.edu.hk,https://www.schooland.hk/ps/ihms,林美雲女士 Ms. Lam Mei Wan Lydia,鍾妙嫦修女 Sister Chung Miu Sheung Lucy
沙田區,九龍城浸信會禧年(恩平)小學,新界沙田新翠邨第二期校舍,26053811,26949781,enquiry@hnyp.edu.hk,http://www.hnyp.edu.hk,https://www.schooland.hk/ps/hnyp,陶劍幗女士 Ms. Tao Kim Kwok Kajusa,葉賜添博士 Dr. Yip Chee Tim
沙田區,香港道教聯合會純陽小學,新界沙田馬鞍山鞍駿街,26422355,26335202,syps@syps.edu.hk,http://www.syps.edu.hk,https://www.schooland.hk/ps/syps,蔡華媚女士 Ms. Tsai Hua Mei,葉國謙校監 Mr. Ip Kwok Him
沙田區,九龍城浸信會禧年小學,新界沙田馬鞍山富安花園,26411213,26400688,info@haynien.edu.hk,https://www.haynien.edu.hk,https://www.schooland.hk/ps/haynien,蔡婉玲女士 Ms. Choi Yuen Ling Phyllis,潘慶輝先生 Mr. Poon Hing Fai
沙田區,馬鞍山信義學校,新界沙田馬鞍山恆安邨第二校舍,26429118,26433927,info@mluthps.edu.hk,https://www.mluthps.edu.hk,https://www.schooland.hk/ps/mluthps,簡淑菁女士 Ms. Kan Shuk Ching,"賴炳輝先生 Mr. Lai Ping Fai, Tony"
沙田區,馬鞍山循道衞理小學,沙田馬鞍山恆明街11號,26309219,26309768,mail@mosmps.edu.hk,https://www.mosmps.edu.hk,https://www.schooland.hk/ps/mosmps,許綺珊,錢德順博士 Dr. Tsin Tak Shun
沙田區,馬鞍山聖若瑟小學,新界沙田馬鞍山恆安邨第一座校舍,26429186,26433929,info@mossjps.edu.hk,http://www.mossjps.edu.hk,https://www.schooland.hk/ps/mossjps,楊翠珊女士 Ms. Yeung Chui Shan,劉啟燊先生 Mr. Lau Kai Sun
沙田區,吳氏宗親總會泰伯紀念學校,新界沙田馬鞍山錦英苑,26404033,26400972,info@taipak.edu.hk,http://www.taipak.edu.hk,https://www.schooland.hk/ps/taipak,侯達燊博士 Dr. Hau Tat Sun,吳清清女士 Ms. Ng Ching Ching
沙田區,保良局莊啟程小學,新界沙田馬鞍山耀安村,26410221,26414724,mail@plkcktps.edu.hk,http://www.plkcktps.edu.hk,https://www.schooland.hk/ps/plkcktps,梁佩思女士 Ms. Leung Pui Sze,黃君武先生 Mr. Wong Kwan Mo
沙田區,台山陳元喜小學,新界沙田馬鞍山頌安邨,26339277,26339080,mail@catshcc.edu.hk,https://www.catshcc.edu.hk,https://www.schooland.hk/ps/catshcc,袁慧詩女士 Ms. Yuen Wai Sze,黃素珍女士 Ms. Wong So Chun
沙田區,保良局雨川小學,沙田馬鞍山鞍駿街28號,26333170,26303890,contact@plkrps.edu.hk,http://www.plkrps.edu.hk,https://www.schooland.hk/ps/plkrps,吳澤來,Stephanie 女士 Ms. Stephanie
沙田區,聖公會馬鞍山主風小學,新界沙田馬鞍山寧泰路35號,26048487,26309855,info@skhmoshs.edu.hk,https://www.skhmoshs.edu.hk,https://www.schooland.hk/ps/skhmoshs,劉凱芝女士 Ms. Lau Hoi Chi,湯啓康先生 Mr. Tong Kai Hong Anthony
沙田區,馬鞍山靈糧小學,新界沙田馬鞍山利安邨,26430707,26432077,school@mosllps.edu.hk,https://www.mosllps.edu.hk/,https://www.schooland.hk/ps/moslingliang,陳志斌先生 Mr. Chan Chi Pun,胡葆珊女士 Ms. Woo Po Shan Faustine
沙田區,浸信會呂明才小學,新界沙田第一城得榮街2號,26483132,26480533,info@blmcps.edu.hk,https://www.blmcps.edu.hk/,https://www.schooland.hk/ps/lmcps,黃輝微女士 Ms. Wong Fai Mei,曾啟文先生 Mr. Tsang Kai Man
沙田區,胡素貞博士紀念學校,沙田第一城得寶街8號,26468902,26494296,info@dcfwms.edu.hk,http://www.dcfwms.edu.hk,https://www.schooland.hk/ps/dcfwms,李寳麗女士 Ms. Lee Po Lai Cannis,李美嫦女士 Ms. Li Mei Sheung
沙田區,沙田圍胡素貞博士紀念學校,新界沙田乙明邨街2號,26468926,26869969,info@stwdcfwms.edu.hk,http://www.stwdcfwms.edu.hk,https://www.schooland.hk/ps/dcfwms-stw,梁文慧女士 Ms. Leung Man Wai,鄔鎮華博士 Dr. Wu Chun Wah
沙田區,世界龍岡學校黃耀南小學,新界沙田廣源邨,26378637,26494301,info@wynps.edu.hk,https://www.wynps.edu.hk,https://www.schooland.hk/ps/wynps,曾麗芬博士 Dr. Tsung Lai Fun Maggie,鄭自良先生 Mr. Cheng Chi Leung
沙田區,路德會梁鉅鏐小學,新界沙田安景街5號,26379023,26494379,lkklps@eservices.hkedcity.net,http://www.lkklps.edu.hk,https://www.schooland.hk/ps/lkklps,吳玲玲女士 Ms. Ng Ling Ling,林啟興先生 Mr. Lam Kai Hing
沙田區,保良局蕭漢森小學,沙田火炭坳背灣街3號,26041966,26062304,info@plkshs.edu.hk,https://www.plkshs.edu.hk,https://www.schooland.hk/ps/plkshs,李志成,譚毓楨博士 Dr. Tam Yuk Ching Jenny
沙田區,保良局朱正賢小學,新界沙田博康村沙角街6D,26469181,26472056,saryue@netvigator.com,https://www.plkcjy.edu.hk,https://www.schooland.hk/ps/plkcjy,高凱聯女士 Ms. Ko Oi Luen,顏寶鈴女士 Ms. Ngan Po Ling Pauline
沙田區,聖公會主風小學,新界沙田瀝源邨,26048987,26020789,info@skhhsps.edu.hk,https://www.skhhsps.edu.hk/,https://www.schooland.hk/ps/skhhsst,鄭思思女士 Ms. Cheng Sze Sze,葉子良牧師 Rev. Ip Tsz Leung
沙田區,沙田循道衞理小學,新界沙田廣源邨第三期,26366533,26494329,smps@smps.edu.hk,https://www.smps.edu.hk,https://www.schooland.hk/ps/smps,朱敏娟女士 Ms. Chu Man Kuen,曾兆基先生 Mr. Tsang Siu Kei
沙田區,救世軍田家炳學校,新界沙田博康邨,26489283,26494305,tkpps@hkm.salvationarmy.org,http://www.satkp.edu.hk,https://www.schooland.hk/ps/satkp,陳志斌先生 Mr. Chan Chi Pun,葉金源少校 Supervisor Ip Kam Yuen
沙田區,禾輋信義學校,新界沙田禾輋邨學校第三座,26911426,26911824,wcl@wcl.edu.hk,http://wcl.edu.hk,https://www.schooland.hk/ps/wcl,馮麗儀女士 Ms. Fung Lai Yee,劉其盛先生 Mr. Lau Kei Shing
沙田區,慈航學校,新界沙田源昌里1號,26486834,26364129,info@chihong.edu.hk,https://www.chihong.edu.hk,https://www.schooland.hk/ps/chihong,楊冬梅女士 Ms. Yeung Tung Mui,胡仙居士 Ms. Aw Sian Sally
沙田區,沙田崇真學校,新界沙田瀝源邨,35763344,26090597,info@stts.edu.hk,http://www.stts.edu.hk,https://www.schooland.hk/ps/stts,杜爾晴女士 Ms. To Yee Ching,廖文健先生 Mr. Liu Man Kin
沙田區,培基小學,新界沙田火炭樂霞坊2號,26025353,26973808,admin@pooikei.edu.hk,http://www.pooikei.edu.hk,https://www.schooland.hk/ps/pooikei,嚴慧儀女士 Ms. Yim Wai Yee,彭秋嫦女士 Ms. Pang Chau Sheung Rosa
沙田區,天主教聖華學校,新界沙田禾輋邨禾輋街11號,26924593,26057950,001@littleflowerschool.edu.hk,http://www.littleflowerschool.edu.hk,https://www.schooland.hk/ps/littleflower,吳潔蘭女士 Ms. Ng Kit Lan,趙潔文女士 Ms. Chiu Kit Man Emily
沙田區,浸信會沙田圍呂明才小學,新界沙田圓洲角路8號,26476242,26350132,info@bstwlmc.edu.hk,https://www.bstwlmc.edu.hk,https://www.schooland.hk/ps/bstwlmc,尹紹光先生 Mr. Wan Siu Kwong,何鏡煒博士 Dr. Ho Kang Wai Eddie
沙田區,東華三院蔡榮星小學,沙田博泉街19號,29593606,29593615,twsps@tungwah.org.hk,https://www.twghtwsps.edu.hk/,https://www.schooland.hk/ps/twghscops,梁敦瑜女士 Ms. Leung Tun Yu,蔡榮星博士 Dr. Tsoi Wing Sing
大埔區,德萃小學,大埔運頭街6號,23387109,23387127,info@sthilarys.edu.hk,https://www.sthilarys.edu.hk,https://www.schooland.hk/ps/hilary,高思敏女士,曹啟樂先生
大埔區,香港墨爾文國際學校,新界大埔科進路3號,38984699,,info@malverncollege.org.hk,http://www.malverncollege.org.hk,https://www.schooland.hk/ps/malvern,Mr Lister Robin Anthony,蘇婕女士
大埔區,大埔官立小學,新界大埔太和路8號,26584062,26507109,tpgps@edb.gov.hk,https://www.tpgps.edu.hk,https://www.schooland.hk/ps/tpgps,關玉娟女士 Ms. Kwan Yuk Kuen Iris,許志鋒先生 Mr. Hui Chi Fung
大埔區,保良局田家炳千禧小學,新界大埔公路大埔滘段4641號,26505551,26522608,info@plktkpmps.edu.hk,http://www.plktkpmps.edu.hk,https://www.schooland.hk/ps/plktkpmps,陳寶玲女士 Ms. Chan Po Ling,郭浩泉先生 Mr. Kwok Ho Chuen
大埔區,大埔崇德黃建常紀念學校,新界大埔東昌街,26535565,26562856,wksama@netvigator.com,https://www.wks.edu.hk,https://www.schooland.hk/ps/wks,王永成,孔令文校監 Mr. Hung Ling Man Raymond
大埔區,大埔舊墟公立學校,新界大埔安祥路10號,26654610,26620590,tpomps@hotmail.com,http://www.tpomps.edu.hk,https://www.schooland.hk/ps/tpomps,張麗珠女士 Ms. Cheung Lai Chu,李國輝先生 Mr. Li Kwok Fai
大埔區,大埔舊墟公立學校(寶湖道),大埔寶湖道7號,26652333,26653113,tpompspc@tpompspc.edu.hk,http://www.tpompspc.edu.hk,https://www.schooland.hk/ps/tpompspc,葉億兆先生 Mr. Yip Yick Siu,張國棟先生 Mr. Cheung Kwok Tung
大埔區,香港教育大學賽馬會小學,新界大埔露屏路10號,29481122,29481121,admin@edujcps.edu.hk,https://www.edujcps.edu.hk,https://www.schooland.hk/ps/iedjcps,張錦欣女士 Ms. Cheung Kam Yan,許俊炎校監 Mr. Hui Chin Yim Stephen
大埔區,仁濟醫院蔡衍濤小學,新界大埔運頭塘邨,26566116,26578298,admin@ychchtps.edu.hk,https://www.ychchtps.edu.hk,https://www.schooland.hk/ps/ychchtps,徐劍,蔡少洲太平紳士 Mr. Choi Siu Chow Tony
大埔區,吳禮和紀念學校,新界大埔汀角道大元邨,26672111,26646563,mail@nlw.edu.hk,http://www.nlw.edu.hk,https://www.schooland.hk/ps/nlw,鄭紀文女士 Ms. Cheng Kei Man,梁贊榮博士 Dr. Leung Tsan Wing
大埔區,新界婦孺福利會梁省德學校,新界大埔大元邨,26641223,26651012,info@taipolst.edu.hk,https://www.taipolst.edu.hk,https://www.schooland.hk/ps/taipolst,姚惠瑜,李美辰校監 Ms. Lee Christina Maisenne
大埔區,保良局田家炳小學,新界大埔運頭塘邨,26521222,26518832,info@plktkp.edu.hk,http://www.plktkp.edu.hk,https://www.schooland.hk/ps/plktkp,陳詠賢女士 Ms. Chan Wing Yin Jojo,陳細潔太平紳士 Miss Chan Sai Kit Abbie
大埔區,聖公會阮鄭夢芹小學,新界大埔廣福村,26589183,26506287,info@skhycmcps.edu.hk,http://www.skhycmcps.edu.hk,https://www.schooland.hk/ps/skhycmcps,陳嘉文先生 Mr. Chan Ka Man,歐陽兆基牧師 Rev. Au-Yeung Siu Kei Tony
大埔區,聖公會阮鄭夢芹銀禧小學,新界大埔富亨邨,26660606,26678051,info@skhycmcj.edu.hk,http://www.skhycmcj.edu.hk,https://www.schooland.hk/ps/skhycmcj,曾卓龍先生 Mr. Tsang Cheuk Lung Gary,歐陽兆基牧師 Rev. Au-Yeung Siu Kei Tony
大埔區,天主教聖母聖心小學,新界大埔富亨邨第一期,26606161,26667048,office@shmcps.edu.hk,http://www.shmcps.edu.hk,https://www.schooland.hk/ps/shmcps,劉敏怡女士 Ms. Lau Man Yee,林社鈴執事 Rev. Lam Sair Ling
大埔區,三水同鄉會禤景榮學校,新界大埔富善邨,26619383,26643320,ssnahkws@yahoo.com.hk,http://ssnahkws.edu.hk,https://www.schooland.hk/ps/ssnahkws,李小寶女士 Ms. Lee Siu Po,禤國全先生 Mr. Huen Kwok Chuen
大埔區,港九街坊婦女會孫方中小學,新界大埔富善邨第三期,26618896,26678037,info@sfc.edu.hk,https://www.sfc.edu.hk,https://www.schooland.hk/ps/sfc,蔡惠儀,陳趙滿菊女士 Mrs. Tan Chiu Joise
大埔區,大埔浸信會公立學校,大埔廣福邨,26563933,26577361,tpbps@tpbps.edu.hk,https://www.tpbps.edu.hk,https://www.schooland.hk/ps/tpbps,蕭婷女士 Ms. Siu Ting,曾家石先生 Mr. Tsang Ka Shek
大埔區,大埔循道衞理小學,新界大埔棟樑路10號,26622011,26678035,tpms@mail.tpms.edu.hk,https://www.tpms.edu.hk,https://www.schooland.hk/ps/tpms,李綺琼女士 Ms. Lee Yee King Yuky,何景亮先生 Mr. Ho Denny King Leung
大埔區,林村公立黃福鑾紀念學校,新界大埔太和邨,26503355,26568786,wfl@wfl.edu.hk,https://www.wfl.edu.hk,https://www.schooland.hk/ps/wfl,梁志文先生 Mr. Leung Chi Man,林祿榮校監 M.H. Lam Luk Wing
大埔區,新界婦孺福利會基督教銘恩小學,新界大埔大元邨,26686112,26686512,info@taipocrgps.edu.hk,http://www.taipocrgps.edu.hk/,https://www.schooland.hk/ps/ntwjwacrgps,姚惠瑜女士 Ms. Yiu Wai Yu,甘秀雲博士 Dr. Kam Shau Wan Sanly
大埔區,五旬節聖潔會永光小學,新界大埔彩蝶街10號,26275600,37403290,info@wkjs.edu.hk,https://wkjs.edu.hk/,https://www.schooland.hk/ps/wingkwong,洪慕竹女士 Ms. Hung Mo Chuk,區麗儀小姐 Miss Au Lai Yee
西貢區,保良局陸慶濤小學,新界將軍澳寶林邨,27010011,27040400,info@plklht.edu.hk,http://www.plklht.edu.hk,https://www.schooland.hk/ps/plklht,黃志揚先生 M.H. Wong Chi Yeung,許頴嘉女士 Ms. Hui Wing Ka
西貢區,優才(楊殷有娣)書院,將軍澳調景嶺彩明街,25356869,28949828,pri-tko@gtcollege.edu.hk,https://main.gtschool.hk/,https://www.schooland.hk/ps/gt,陳偉傑博士 Dr. Chan Wai Kit,李汝大校監 Mr. Lee Yu Tai Desmond
西貢區,真道書院,將軍澳嶺光街5號,23372126,23376848,info@logosacademy.edu.hk,https://www.logosacademy.edu.hk,https://www.schooland.hk/ps/logosacademy,李澤康博士 Dr. Lee Chak Hong,鍾嘉樂牧師 Rev. Chung Ka Lok
西貢區,播道書院,新界將軍澳至善街7號,23661802,23661732,admission@evangel.edu.hk,https://www.evangel.edu.hk,https://www.schooland.hk/ps/evangel,盧偉成先生 Mr. Lo Wai Shing Vincent,何永業先生 Mr. Ho Wing Ip
西貢區,樹宏學校,西貢早禾路18號,27926055,,info@foresthouse.edu.hk,https://www.foresthouse.edu.hk/,https://www.schooland.hk/ps/forest,,香富立先生
西貢區,香港復臨學校,西貢清水灣道1111號,26230034,26230431,info@hkaa.edu.hk,https://www.hkaa.edu.hk,https://www.schooland.hk/ps/hkaa,Ms. Ola Hall,Mr Folkenberg Jr Robert Stanley
西貢區,花園華德福學校,清水灣銀線灣道7號銀線灣商場1樓,23581177,,info@gardenhouse.edu.hk,https://www.gardenhouse.edu.hk/,https://www.schooland.hk/ps/ghws,,
西貢區,茵維特學校,將軍澳唐俊街23號,36431868,,admissions@invictus.edu.hk,https://www.invictus.edu.hk/,https://www.schooland.hk/ps/invictus,,
西貢區,將軍澳官立小學,新界將軍澳厚德邨第二期,27012886,27060884,tkogps@edb.gov.hk,https://www.tkogps.edu.hk,https://www.schooland.hk/ps/tkogps,黃鳳霞女士 Ms. Wong Fung Ha,許志鋒先生 Mr. Hui Chi Fung
西貢區,安博官立小學,新界西貢安禧街8號,23661530,23141850,egpsinfo@edb.gov.hk,https://www.egps.edu.hk/,https://www.schooland.hk/ps/egps,陳國強先生 Mr. Chan Kwok Keung,梁柏偉先生 Mr. Leung Pak Wai
西貢區,基督教神召會梁省德小學,新界將軍澳文曲里2號,21911929,21911611,aoglsttko@lsttko.edu.hk,https://www.lsttko.edu.hk,https://www.schooland.hk/ps/lsttko,張麗君女士 Ms. Cheung Lai Kwan,張鴻華先生 Mr. Cheung Hung Wah
西貢區,博愛醫院陳國威小學,新界將軍澳尚德邨,21785700,21785775,info@pohckwps.edu.hk,https://www.pohckwps.edu.hk,https://www.schooland.hk/ps/pohckwps,韋淑貞,冼敏英女士 Ms. Sin Mun Ying Monica
西貢區,仁濟醫院陳耀星小學,新界將軍澳煜明苑,27061932,27064872,info@ychcisps.edu.hk,https://www.ychcisps.edu.hk,https://www.schooland.hk/ps/ychcisps,陳碧蘭女士 Ms. Chan Pik Lan Agnes,陳湛文先生 Mr. Chan Simon Cham Man
西貢區,仁愛堂田家炳小學,新界將軍澳唐俊街3號,24571302,22463506,office@yottkpps.edu.hk,https://www.yottkpps.edu.hk,https://www.schooland.hk/ps/yottkpps,曾燕琼,田熾先先生 Mr. Tin Chee Sin
西貢區,樂善堂劉德學校,新界將軍澳寶林邨,27013072,27016203,mail@lautak.edu.hk,http://www.lautak.edu.hk,https://www.schooland.hk/ps/lautak,許志民先生 Mr. Hui Chi Man,温文蕙女士 Ms. Wan Man Wai Rowena
西貢區,宣基小學,新界將軍澳尚德邨,21916996,21916995,info@sunkei.edu.hk,https://www.sunkei.edu.hk,https://www.schooland.hk/ps/sunkei,劉心怡女士 Ms. Lau Sum Yi,龐憶華先生 Mr. Pang I Wah
西貢區,港澳信義會明道小學,新界將軍澳彩明苑彩明街7號,31294294,31294194,mtps@hkmlc-mtps.edu.hk,http://www.hkmlc-mtps.edu.hk,https://www.schooland.hk/ps/hkmlc-mtps,范婉君女士 Miss Fan Yuen Kwan Noel,楊文玉女士 Ms. Yeung Man Yuk
西貢區,景林天主教小學,新界將軍澳景林邨,27030499,27040977,klcps@klcps.edu.hk,http://www.klcps.edu.hk,https://www.schooland.hk/ps/klcps,何詠懿女士 Ms. Ho Wing Yee Catherine,謝錦明先生 Mr. Tse Kam Ming
西貢區,保良局黃永樹小學,新界將軍澳唐賢街2號,21770050,21770406,info@plkwws.edu.hk,http://www.plkwws.edu.hk,https://www.schooland.hk/ps/plkwws,陳瑞良先生 Mr. Chan Shui Leung,何猷亨先生 Mr. Ho Arnaldo Yau Heng
西貢區,聖公會將軍澳基德小學,將軍澳寶康路82號,23206066,21911551,tkokt@tkokt.edu.hk,http://www.tkokt.edu.hk,https://www.schooland.hk/ps/tkokt,鄺嘉文女士 Ms. Kwong Ka Man,郭始基先生 Mr. Kwok Chi Kay Peter
西貢區,保良局馮晴紀念小學,新界將軍澳培成路2號,27066620,27064742,fcs@plkfcmps.edu.hk,http://www.plkfcmps.edu.hk,https://www.schooland.hk/ps/plkfcmps,曾維愛,宣宏雁女士 Ms. Xuan Hongyan
西貢區,天主教聖安德肋小學,新界將軍澳翠嶺路30號,22463313,22463535,info@sacps.edu.hk,http://www.sacps.edu.hk,https://www.schooland.hk/ps/sacps,陳善科先生 Mr. Chan Sin Fo,馮賜豪神父 Rev. Fung Che Ho Joseph
西貢區,順德聯誼總會梁潔華小學,新界將軍澳貿泰路2號,26233628,26233618,stfalkwps@lkw.edu.hk,https://www.lkw.edu.hk,https://www.schooland.hk/ps/lkw,尹少琴女士 Ms. Wun Siu Kam,盧應銘先生 Mr. Lo Ying Ming Thomas
西貢區,李少欽紀念學校,新界西貢市惠民路18號,27916681,27917656,info@lsy.edu.hk,http://lsy.edu.hk,https://www.schooland.hk/ps/lsy,吳楚強先生 Mr. Ng Chor Keung,吳仕福先生 Mr. Ng Sze Fuk
西貢區,將軍澳天主教小學,新界將軍澳唐賢街6號,26235679,26237267,info@tkocps.edu.hk,https://www.tkocps.edu.hk,https://www.schooland.hk/ps/tkocps,馬一龍先生 Mr. Ma Yat Lung,韋沐恩神父 Fr. Reginio Mechelle Tongoy
西貢區,佛教志蓮小學,新界將軍澳唐俊街1號,22463959,22463972,office@chilinbps.edu.hk,http://www.chilinbps.edu.hk,https://www.schooland.hk/ps/chilinbps,李敏儀女士 Ms. Lee Man Yee,釋惟徹女法師 Ven. Sik Wei Che
西貢區,西貢崇真天主教學校小學部,新界西貢普通道,27922246,27926448,info@stcps.edu.hk,http://www.stcps.edu.hk,https://www.schooland.hk/ps/stcps,馮家俊先生 Mr. Fung Ka Chun Chris,潘子光神父 Rev. Duggimpudi Raja Ratna Reddy
西貢區,將軍澳循道衞理小學,將軍澳唐俊街15號,27060770,27062207,email@tkomps.edu.hk,https://www.tkomps.edu.hk,https://www.schooland.hk/ps/tkomps,林德育先生 Mr. Lam Tak Yuk Eddie,陳永堅先生 Mr. Chan Wing Kin
西貢區,佛教黃藻森學校,新界將軍澳景林邨,26234773,26232310,school@bwcss.edu.hk,https://www.bwcss.edu.hk,https://www.schooland.hk/ps/bwcss,古美琪,釋果德女法師 Ven. Sik Ku Tay
西貢區,王余家潔紀念小學,新界將軍澳學林里8號,27061336,27069336,wyjjps@tungwah.org.hk,https://www.wyjjmps.edu.hk,https://www.schooland.hk/ps/wyjjmps,劉秀萍女士 Ms. Lau Sau Ping,"李曠怡先生 Mr. Lee Kwong Yee, Jason Joseph"
西貢區,港澳信義會小學,新界將軍澳集福路4號,27019803,27040066,info@hkmlcps.edu.hk,http://www.hkmlcps.edu.hk,https://www.schooland.hk/ps/hkmlcps,何彥輝,梁溢敏牧師 Rev. Leung Yat Man
屯門區,圓玄小學,新界屯門青山公路青海圍26號,24501588,24042714,info@yyps.edu.hk,http://www.yyps.edu.hk,https://www.schooland.hk/ps/yyps,鍾美珍女士 Ms. Chiong Mei Chun,何志豪先生 Mr. Ho David
屯門區,鄉師自然學校,新界屯門新墟井頭上村87A,26500588,26509698,info@gaiaschool.edu.hk,http://www.gaiaschool.edu.hk,https://www.schooland.hk/ps/gaia,,王俊強先生
屯門區,屯門官立小學,新界屯門兆康苑,24651662,24643083,tmgps@edb.gov.hk,https://www.tmgps.edu.hk,https://www.schooland.hk/ps/tmgps,黃寶華,謝婉貞女士 Ms. Tse Yuen Ching
屯門區,道教青松小學,新界屯門山景邨,24651222,24642996,email@tccps.edu.hk,https://tccps.edu.hk,https://www.schooland.hk/ps/tccps,梁卓賢先生 Mr. Leung Cheuk Yin,鄭康勤先生 Mr. Cheng Hong Kan
屯門區,道教青松小學(湖景邨),新界屯門湖景邨湖昌街4號,24652881,24656863,office@tccpswke.edu.hk,https://www.tccpswke.edu.hk,https://www.schooland.hk/ps/tccpswke,吳思銘先生 Mr. Ng Sze Ming,趙淑儀女士 Ms. Chiu Suk Yee
屯門區,樂善堂梁黃蕙芳紀念學校,新界屯門山景邨,24666712,24541756,info@lstlwwf.edu.hk,https://www.lstlwwfms.edu.hk/,https://www.schooland.hk/ps/lstlwwf,許敏詩女士 Ms. Hui Man Sze,李培埡女士 Ms. Lee Pui Ah
屯門區,保良局莊啟程第二小學,新界屯門良才里2號,24621722,24627901,mail@plkvktc2.edu.hk,http://www.plkvktc2.edu.hk,https://www.schooland.hk/ps/plkvktca,李詠琴女士 Miss Lee Wing Kam,郭羅桂珍博士 Dr. Kwok Law Kwai Chun Eleanor
屯門區,中華基督教會何福堂小學,新界屯門龍門路41號,24597156,24521903,info@hft.edu.hk,https://www.hft.edu.hk,https://www.schooland.hk/ps/hft,尹淑芬女士 Ms. Wan Shuk Fan,高國雄先生 Mr. Ko Kwok Hung
屯門區,蒙黃花沃紀念小學,新界屯門一區田景邨屋邨校舍,24563678,24542863,info@cccmwfys.edu.hk,http://www.cccmwfys.edu.hk,https://www.schooland.hk/ps/cccmwfys,鄭家寶博士 Dr. Cheng Ka Po Shirley,梁遠耀牧師 Rev. Leung Yuen Yiu
屯門區,五邑鄒振猷學校,新界屯門蝴蝶村兆山苑,24671882,24642977,mail@fdccys.edu.hk,http://www.fdccys.edu.hk,https://www.schooland.hk/ps/fdccys,鄭麗娟女士 Ms. Cheng Lai Kuen,甄文輝先生 Mr. Yan Man Fai
屯門區,伍時暢紀念學校,新界屯門建生邨屋邨小學校舍,24544122,24544622,hkeca@wusichong.edu.hk,http://www.wusichong.edu.hk,https://www.schooland.hk/ps/wusichong,關倩芬女士 Ms. Kwan Sin Fan,伍白鷗女士 Ms. Ng Pak Au
屯門區,香港紅卍字會屯門卍慈小學,新界屯門良景邨第一座校舍,24611968,24632537,mail@hkrsstmps.edu.hk,http://www.hkrsstmps.edu.hk,https://www.schooland.hk/ps/hkrsstmps,龎敏佩女士 Ms. Phong Man Pui,柯愈強先生 Mr. Ko Yu Keung
屯門區,劉德容紀念小學,新界屯門湖翠路263號,24045333,26183123,office@ltyschool.edu.hk,http://www.ltyschool.edu.hk,https://www.schooland.hk/ps/ltymps,陳進華先生 Mr. Chan Chun Wah,鄭自良先生 Mr. Cheng Chi Leung
屯門區,保良局梁周順琴小學,新界屯門湖景村小學校舍第三座,24678107,24633321,plklcskoffice@plklcsk.edu.hk,https://www.plklcsk.edu.hk,https://www.schooland.hk/ps/plklcskam,溫慧芬女士 Ms. Wan Wai Fan,董晶怡女士 Ms. Tung Helena Ching Yee
屯門區,保良局志豪小學,新界屯門興富街3號,27020707,27027772,plkheps@plkheps.edu.hk,https://www.plkheps.edu.hk,https://www.schooland.hk/ps/plkheps,李秀蘭女士 Ms. Lee Sau Lan Dora,杜偉強校監 Supervisor To Wai Keung
屯門區,何壽基學校,新界屯門田景邨第1號校舍,24556111,24642990,info@hosauki.edu.hk,https://www.hosauki.edu.hk,https://www.schooland.hk/ps/hosauki,鍾艷紅,吳煥玲女士 Ms. Ng Woon Ling
屯門區,台山商會學校,新界屯門石排頭路14號,24622855,24693274,info@ts.edu.hk,https://www.ts.edu.hk,https://www.schooland.hk/ps/tsaps,湯敏儀女士 Ms. Tong Man Yee,陳尚智先生 Mr. Chan Sheung Chi Steven
屯門區,仁德天主教小學,新界屯門蝴蝶邨小學校舍第二座,24636171,24663660,info@yantak.edu.hk,http://www.yantak.edu.hk,https://www.schooland.hk/ps/yantak,羅淑貞女士 Ms. Lo Suk Ching,葉偉榮先生 Mr. Ip Wai Wing
屯門區,香港路德會增城兆霖學校,新界屯門蝴蝶村小學第五校舍,24665885,24643082,info@siuleunsch.edu.hk,https://www.siuleunsch.edu.hk,https://www.schooland.hk/ps/ltssls,葉綠盈,戎子由博士 Dr. Yung Tse You
屯門區,保良局方王錦全小學,新界屯門良景邨第三校舍,24661882,24532395,general@eclass.plkfwkc.edu.hk,http://www.plkfwkc.edu.hk,https://www.schooland.hk/ps/plkfwkc,郭秀慧女士 Ms. Kwok Sau Wai,林承毅先生 Mr. Lam Shing Ngai
屯門區,仁濟醫院羅陳楚思小學,新界屯門湖景路29號,24413366,24040289,office@lccs.edu.hk,http://www.lccs.edu.hk,https://www.schooland.hk/ps/lccs,陳嘉碧博士 Dr. Chan Ka Pik,陳偉香校監 Supervisor Chan Wai Hang
屯門區,馮李佩瑤小學,新界屯門掃管笏管青路11號,24112208,24112207,info@plkflpy.edu.hk,http://www.plkflpy.edu.hk,https://www.schooland.hk/ps/plkflpy,胡國柱先生 Mr. Wu Kwok Chu,陳正欣博士 Dr. Chan Ching Yan Daniel
屯門區,鄭任安夫人學校,新界屯門屯利街3號,24512333,26183120,info@mcyos.edu.hk,https://www.mcyos.edu.hk,https://www.schooland.hk/ps/mcyos,何文顯先生 Mr. Ho Man Hin,簡浩秋先生 Mr. Kan Ho Chow
屯門區,鄭任安夫人千禧小學,新界屯門掃管笏路111號,24510088,24510022,info@mcyoms.edu.hk,http://www.mcyoms.edu.hk,https://www.schooland.hk/ps/mcyoms,譚頴君署任,彭啟明先生 Mr. Pang Kai Ming
屯門區,青山天主教小學,新界屯門鄉事會路2號,24574634,24586055,cpcps@cpcps.edu.hk,http://cpcps.edu.hk,https://www.schooland.hk/ps/cpcps,王玉嫻女士 Ms. Wong Yuk Han,林月霞女士 Ms. Lam Yuet Har Winnie
屯門區,圓玄學院陳國超興德小學,新界屯門慶平路1號,24482211,24483098,info@ckcps.edu.hk,http://www.ckcps.edu.hk/,https://www.schooland.hk/ps/hingtak,賴子文先生 Mr. Lai Tsz Man,湯修齊太平紳士 Mr. Tong Sau Chai Henry
屯門區,伊斯蘭學校,新界屯門友愛邨愛德里2號,24502270,26186424,mail@islamps.edu.hk,https://www.islamps.edu.hk,https://www.schooland.hk/ps/islamps,高德燕女士 Ms. Ko Tak Yin,徐潤祥先生 Mr. Chui Yun Cheung
屯門區,順德聯誼總會何日東小學,新界屯門友愛邨,24586111,24581834,hytps@hytps.edu.hk,http://www.hytps.edu.hk,https://www.schooland.hk/ps/hytps,張美儀女士 Ms. Cheung Mei Yi,蔡彪先生 Mr. Choi Biu
屯門區,順德聯誼總會李金小學,新界屯門掃管笏路23號,24411222,24411282,email@leekamps.edu.hk,http://www.leekamps.edu.hk,https://www.schooland.hk/ps/leekamps,林珮玲女士 Ms. Lam Pui Ling,鄭錦超先生 Mr. Cheng Kam Chiu Stewart
屯門區,順德聯誼總會胡少渠紀念小學,新界屯門安定邨第三座校舍,24503833,26183132,info@wsk.edu.hk,https://www.wsk.edu.hk,https://www.schooland.hk/ps/wsk,高炳旋博士 Mr. Kao Ping Suen,廖漢輝太平紳士 Mr. Liu Hong Fai
屯門區,仁濟醫院何式南小學,新界屯門第十六區興安里,24510325,24508514,mail@hosiknam.edu.hk,https://www.hosiknam.edu.hk,https://www.schooland.hk/ps/hosiknam,葉煒婷女士 Ms. Yip Wai Ting Vashti,何德心先生 Mr. Ho Tak Sum
屯門區,仁愛堂劉皇發夫人小學,新界屯門安定邨第六座校舍,24510372,24417784,mlwf@yotps.edu.hk,http://www.yotps.edu.hk,https://www.schooland.hk/ps/yotmlwfps,劉小慧女士 Ms. Lau Siu Wai Maggie,吳瑞麟先生 Mr. Ng Sui Lun
屯門區,路德會呂祥光小學,新界屯門安定邨第四座校舍,24503128,24400048,info@lckps.edu.hk,http://www.lckps.edu.hk,https://www.schooland.hk/ps/lckps,黃綺華女士 Ms. Wong Yee Wa,戎子由博士 Rev. Yung Tse You
屯門區,聖公會蒙恩小學,新界屯門景峰徑1號,24598909,24521214,info@skhmungyanps.edu.hk,http://www.skhmungyanps.edu.hk,https://www.schooland.hk/ps/skhmungyanps,李佩雯,黃健新牧師 Mr. Wong Kin Sun
屯門區,中華基督教會拔臣小學,新界屯門新墟青山公路28號,24596221,24400266,cccbs@butsan.edu.hk,http://www.butsan.edu.hk,https://www.schooland.hk/ps/butsan,鍾惠娟女士 Ms. Chung Wai Kuen,高國雄牧師 Rev. Ko Kwok Hung
屯門區,東華三院鄧肇堅小學,新界屯門安定邨,24030311,24597235,tskps@tungwah.org.hk,http://www.twghtskp.edu.hk,https://www.schooland.hk/ps/twghtskp,鍾家明先生 Mr. Chung Ka Ming Kamins,蔡加怡女士 Ms. Choi Ka Yee Crystal
元朗區,和富慈善基金李宗德小學,新界天水圍101區天暉路9號,34014995,34014689,info@web.wfjlps.edu.hk,https://www.wfjlps.edu.hk,https://www.schooland.hk/ps/wfjlps,潘嘉璇女士 Ms. Poon Ka Suen Victoria,李宗德博士 Dr. Lee Joseph
元朗區,宏信書院,新界元朗馬田欖口村路25號,82082092,24431400,info@luac.edu.hk,https://www.luac.edu.hk,https://www.schooland.hk/ps/luac,林克忠博士 Dr. Lam Hak Chung Patrick,張振華牧師 Rev. Chang Chun Wa
元朗區,激活英文小學,元朗天水圍天龍路9號,24469883,24469583,info@gigamind.edu.hk,http://www.gigamind.edu.hk,https://www.schooland.hk/ps/gigamind,羅煦鈞,陳保琼博士 Dr. Chan Po King Betty
元朗區,啟信學校,新界元朗安信街10號,24791830,24702007,elchkles2015@elchkls.edu.hk,https://elchkls.edu.hk,https://www.schooland.hk/ps/elchkls,蘇炳輝先生 Mr. So Ping Fai,陳惠賢女士 Ms. Chan Wai Yin
元朗區,英藝英文小學,元朗天水圍嘉湖山莊賞湖居,26901828,26901028,zenithsw@zenith.edu.hk,https://zenithprimary.edu.hk/,https://www.schooland.hk/ps/zenith,張廣德先生 Mr. Chang Kwong Tak,李小萍女士 Ms. Li Siu Ping
元朗區,安基司學校,新界元朗錦田北高埔徑1號,38605605,37021702,AAPSinfo@anchorsacademy.edu.hk,https://www.anchorsacademy.edu.hk/,https://www.schooland.hk/ps/anchors,"Ms Din Ramida Mohammed Ms. Din, Ramida Mohammed",李惠莉博士 Dr. Lee Wai Lai Margaret
元朗區,安菲爾聖鮑思高冠英學校,元朗米埔米埔新村,35828298,,office@anfield.edu.hk,https://anfield.edu.hk/,https://www.schooland.hk/ps/anfield-sen,Mr. Lee Chetwyn-Horan,Mr. Haresh Ramchandani
元朗區,天水圍官立小學,新界元朗天水圍天瑞路10號,24474288,24488579,tswgps@edb.gov.hk,https://www.tswgps.edu.hk,https://www.schooland.hk/ps/tswgps,馮燕儀女士 Ms. Fung Yin Yee,謝婉貞女士 Ms. Tse Yuen Ching
元朗區,元朗寶覺小學,新界元朗洪水橋丹桂村路55號,24762258,24746894,ylpokok@ylpokok.edu.hk,http://www.ylpokok.edu.hk,https://www.schooland.hk/ps/pokokbs,譚慧萍女士 Ms. Tam Wai Ping,譚溢鴻先生 Mr. Tam Yat Hung John
元朗區,天水圍循道衞理小學,新界天水圍天頌苑,24480373,24480877,email@campus.tswmps.edu.hk,https://www.tswmps.edu.hk,https://www.schooland.hk/ps/tswmps,鍾君玲女士 Ms. Chung Kwan Ling,王玉慈先生 Mr. Wong Yuk Chee
元朗區,金巴崙長老會耀道小學,新界天水圍天富苑,26177926,26177901,info@cpcyd.edu.hk,http://www.cpcyd.edu.hk,https://www.schooland.hk/ps/cpcyd,陳詠欣女士 Ms. Chan Wing Yan,張達昌先生 Mr. Cheung Tat Cheong
元朗區,中華基督教青年會小學,新界天水圍天富苑第四期,24450580,24483960,info@cymcaps.edu.hk,https://www.cymcaps.edu.hk,https://www.schooland.hk/ps/cymcaps,馬詠兒女士 Ms. Mah Wing Yee Vernier,楊彼得先生 Mr. Yeung Pee Tak Peter
元朗區,潮陽百欣小學,新界元朗天水圍天華路55號,24451666,24487866,mail@cypy.edu.hk,http://www.cypy.edu.hk,https://www.schooland.hk/ps/cypy,羅宇彤先生 Mr. Law Yu Tung Roland,陳智文先生 Mr. Tan Stephen
元朗區,香港潮陽小學,新界天水圍天耀邨第三期,24463018,24486756,cyps@ms.cyps.edu.hk,http://www.cyps.edu.hk,https://www.schooland.hk/ps/cyps,黎佩瑜女士 Ms. Lai Pu Yu,蔡少偉博士 Dr. Choi Siu Wai William
元朗區,香港青年協會李兆基小學,新界元朗天水圍天榮路11號,24481011,24481823,lskps@hkfyg.org.hk,https://www.lskps.edu.hk,https://www.schooland.hk/ps/lskps,謝煒珞博士 Dr. Tse Wai Lok,呂慧蓮女士 Ms. Lui Wai Lin
元朗區,嗇色園主辦可銘學校,新界天水圍天柏路2號,24450101,24459247,info@homing.edu.hk,http://www.homing.edu.hk,https://www.schooland.hk/ps/homing,譚鳳婷女士 Ms. Tam Fung Ting,梁錦和先生 Mr. Leung Kam Wo
元朗區,基督教培恩小學,元朗天水圍天業路2號,23420555,34014724,info@cpyps.edu.hk,https://www.cpyps.edu.hk/,https://www.schooland.hk/ps/hksasps,張靜嫺女士 Ms. Cheung Ching Han,秦家慧教授 Prof. Chun Ka Wai Cecilia
元朗區,獅子會何德心小學,新界天水圍天盛苑,26179682,26179121,info@htsps.edu.hk,https://www.htsps.edu.hk,https://www.schooland.hk/ps/htsps,黃偉立,蔡小平先生 Mr. Choi Siu Ping
元朗區,樂善堂梁銶琚學校,新界元朗天水圍天瑞邨,24486022,24478359,info@gg.lst-lkkps.edu.hk,https://www.lst-lkkps.edu.hk,https://www.schooland.hk/ps/lstlkkps,陳婉婷,董貺漄先生 Mr. Tung Fong Ngai
元朗區,伊利沙伯中學舊生會小學分校,新界天水圍第四期第三區,24478686,26174488,info@qbps.edu.hk,https://www.qbps.edu.hk/,https://www.schooland.hk/ps/qesosabps,胡國威先生 Mr. Wu Kwok Wai,麥耀熙先生 Mr. Mak Yiu Hay
元朗區,伊利沙伯中學舊生會小學,新界天水圍天耀邨第一期,24480889,24480997,qps-mail@qesosaps.edu.hk,https://www.qesosaps.edu.hk,https://www.schooland.hk/ps/qesosaps,蔣棟良先生 Mr. Chiang Tung Leung,李碧蘭女士 Ms. Li Pik Lan
元朗區,聖公會天水圍靈愛小學,新界元朗天水圍天瑞路82號,24461633,24461630,info@skhtswlo.edu.hk,https://www.skhtswlo.edu.hk,https://www.schooland.hk/ps/skhtswlo,駱瑞萍女士 Ms. Lok Shui Ping,郭志芊女士 Ms. Kwok Che Chin Cindy
元朗區,東華三院李東海小學,新界天水圍天壇街19號,24461188,24482332,lthps@tungwah.org.hk,http://www.twghlthlp.edu.hk,https://www.schooland.hk/ps/twghlthlp,盧震河先生 Mr. Lo Chun Ho,伍怡先生 Mr. Ng Jonathan Yee
元朗區,東華三院姚達之紀念小學,新界天水圍天瑞邨第一期,24451168,24451358,ydcps@tungwah.org.hk,http://www.ydc.edu.hk,https://www.schooland.hk/ps/ydc,羅志民先生 Mr. Law Chi Man,伍怡先生 Mr. Ng Jonathan Yee
元朗區,天水圍天主教小學,新界天水圍天柏路28號,26178212,26178252,sch@tswcps.edu.hk,http://www.tswcps.edu.hk,https://www.schooland.hk/ps/tswcps,周凱恩,李志源神父 Rev. Li Chi Yuen
元朗區,英業小學,新界元朗天水圍天瑞路86號,26178200,26176226,mailbox@alu.edu.hk,https://www.alu.edu.hk,https://www.schooland.hk/ps/alu,單琬雅女士 Ms. Sin Yuen Nga,"侯耀忠先生 Mr. Hau Yiu Chung, William"
元朗區,宣道會葉紹蔭紀念小學,新界天水圍天澤邨105區第二期,31522973,29948648,syy@casyymps.edu.hk,http://www.casyymps.edu.hk,https://www.schooland.hk/ps/casyymps,羅建洋先生 Mr. Law Kin Yeung,黃偉強先生 Mr. Wong Wai Keung
元朗區,順德聯誼總會伍冕端小學,新界天水圍天恆邨,31570630,31570629,stfawmtps@eservices.hkedcity.net,http://www.stfawmtps.edu.hk,https://www.schooland.hk/ps/stfawmtps,葉曼婷女士 Ms. Ip Man Ting,梁樹賢先生 Mr. Leung Shu Yin William
元朗區,十八鄉鄉事委員會公益社小學,新界天水圍天城路22號,24486623,24481160,info@kysps.edu.hk,http://www.kysps.edu.hk,https://www.schooland.hk/ps/kysps,姚頌文先生 Mr. Yiu Chung Man Edmond,黃劍雄先生 Mr. Wong Kim Hung
元朗區,香港普通話研習社科技創意小學,新界天水圍天秀路25號天富苑,24708080,24708070,info@xpypssc.edu.hk,https://www.xpypssc.edu.hk,https://www.schooland.hk/ps/xpypssc,陶群眷女士 Ms. To Kwan Kuen Daisy,梁兆棠校監 M.H. Leung Siu Tong
元朗區,樂善堂梁銶琚學校(分校),新界元朗天水圍天恩邨,24456880,24456533,info@lst-lkkb.edu.hk,http://lst-lkkb.edu.hk,https://www.schooland.hk/ps/lstlkkb,劉鐵梅女士 Ms. Lau Tit Mui,陳健平先生 Mr. Chan Kin-Ping
元朗區,南元朗官立小學,新界元朗欖口村路21號,24781230,24780323,sylgps@edb.gov.hk,http://www.sylgps.edu.hk,https://www.schooland.hk/ps/sylgps,吳丹女士 Ms. Ng Tan Denise,李惠萍女士 Ms. Lee Wai Ping
元朗區,元朗朗屏邨東莞學校,新界元朗朗屏邨第一期,24762433,24747225,tkps@tkps.edu.hk,http://www.tkps.edu.hk,https://www.schooland.hk/ps/tkps,呂浩華先生 Mr. Lui Howard,王志強先生 Mr. Wong Chi Keung
元朗區,光明學校,新界元朗水邊圍邨,24762616,24746722,info@kms.edu.hk,http://www.kms.edu.hk,https://www.schooland.hk/ps/kms,邢毅先生 Mr. Ying Ngai,梁萬民先生 Mr. Leung Man Man
元朗區,元朗商會小學,新界元朗青山公路244號,24762268,24747305,school@ylmaps.edu.hk,http://www.ylmaps.edu.hk,https://www.schooland.hk/ps/ylmaps,李德彩女士 Ms. Li Tak Choi,戴耀華先生 Mr. Tai Yiu Wah Robert
元朗區,聖公會靈愛小學,新界元朗媽廟路15號,24774109,24741700,info@lingoi.edu.hk,http://www.lingoi.edu.hk,https://www.schooland.hk/ps/lingoi,翟智康先生 Mr. Chak Chi Hong,陳榮豐牧師 Rev. Chan Wing Fung
元朗區,元朗公立中學校友會小學,新界元朗公園北路2號,24750328,24747289,info@ylaps.edu.hk,https://www.ylaps.edu.hk,https://www.schooland.hk/ps/ylaps,姜穎怡女士 Ms. Keung Wing Yi,黃顯揚先生 Mr. Wong Hin Yeung
元朗區,陳榮根紀念學校,元朗馬田欖口村路23號,24753663,24753991,info@bcwkms.edu.hk,https://www.bcwkms.edu.hk,https://www.schooland.hk/ps/bcwkms,陳滿林先生 Mr. Chan Moon Lam,許明法師 Ven. Hee Meng
元朗區,梁省德學校,新界元朗朗屏邨第三期,24745566,24746487,am@yuenlonglsts.edu.hk,http://www.yuenlonglsts.edu.hk,https://www.schooland.hk/ps/yuenlonglsts,吳偉財先生 Mr. Ng Wai Choi Wydei,鍾就華先生 Mr. Chung Chau Wah
元朗區,元朗朗屏邨惠州學校,新界元朗朗屏邨第二期小學,24763903,24786563,info@hzit.edu.hk,https://www.hzit.edu.hk,https://www.schooland.hk/ps/hzit,鄭庭輝先生 Mr. Cheng Ting Fai,李美林先生 Mr. Li Mei Lam Danny
元朗區,元朗官立小學,新界元朗坳頭友全街,24761160,24747316,ylgps@edb.gov.hk,https://www.ylgps.edu.hk,https://www.schooland.hk/ps/ylgps,余慶賢女士 Ms. Yu Hing Yin Marie,"李周若蘭女士 Ms. Li Chow Yeuk Lan, Conny"
元朗區,惇裕學校,新界元朗新田,24711915,24823501,info@tys.edu.hk,http://www.tys.edu.hk,https://www.schooland.hk/ps/tys,陳杏軒先生 Mr. Chan Hang Hin,文祿星先生 Mr. Man Luk Sing
元朗區,徐澤林紀念小學,新界元朗建德街68號,23813904,29443325,mail@ccl.edu.hk,http://www.ccl.edu.hk,https://www.schooland.hk/ps/ccl,林頴昭女士 Ms. Lam Wing Chiu,蘇國生博士 Dr. So Kwok Sang
元朗區,中華基督教會元朗真光小學,新界元朗鐘聲徑5號,24762696,24430755,info@ckps.edu.hk,https://www.ckps.edu.hk,https://www.schooland.hk/ps/ckps,徐建森先生 Mr. Tsui Kin Sum,梁遠耀先生 Mr. Leung Yuen Yiu
元朗區,鐘聲學校,新界元朗舊墟路29號,24762505,24701798,css_info@chungsing.edu.hk,http://www.chungsing.edu.hk,https://www.schooland.hk/ps/chungsing,賴嘉欣女士 Ms. Lai Ka Yan,陳遠華BBS太平紳士 JP. Chan Yuen Wah Alexander
元朗區,八鄉中心小學,新界元朗八鄉蓮花地199號,24881520,24881847,info@phcps.edu.hk,http://www.phcps.edu.hk,https://www.schooland.hk/ps/phcps,黎婉姍女士 Ms. Lai Yuen Shan Irene,黎偉雄先生 Mr. Lai Wai Hung
元朗區,聖公會聖約瑟小學,新界元朗錦田波地路12號,24764962,24794699,welcome@skhsjs.edu.hk,https://www.skhsjs.edu.hk,https://www.schooland.hk/ps/skhstjoseph,鍾勁翔女士 Ms. Chung King Cheung,何嘉行先生 Mr. Ho Chia Hsing Kevin
元朗區,通德學校,新界錦田城門新村,24761101,24747045,tungtak@ttsch.edu.hk,http://www.ttsch.edu.hk,https://www.schooland.hk/ps/ttsch,顏鎧銘,鄭樹明太平紳士 Mr. Cheng Shu Ming
元朗區,光明英來學校,元朗元政路,24762610,24739829,info@kmyls.edu.hk,http://www.kmyls.edu.hk,https://www.schooland.hk/ps/kmyls,徐志權先生 Mr. Chui Chi Kuen,梁萬民先生 Mr. Leung Man Man
元朗區,佛教榮茵學校,新界元朗鳳攸南街6號,24750433,24746497,wy@bwys.edu.hk,http://www.bwys.edu.hk,https://www.schooland.hk/ps/bwys,孫偉文,李家祥博士 Dr. Lee Ka Cheung
元朗區,黃陳淑英紀念學校,新界元朗錦繡花園,24718502,24823204,hkmlc@wcsy.edu.hk,https://www.wcsy.edu.hk,https://www.schooland.hk/ps/wcsy,梁玉華女士 Ms. Leung Yuk Wah,梁溢敏牧師 Mr. Leung Yat Man
元朗區,錦田公立蒙養學校,新界元朗錦田,24762414,24744416,ktmy@ktmy.edu.hk,http://www.ktmy.edu.hk,https://www.schooland.hk/ps/ktmy,何詠深女士 Ms. Ho Wing Sum Miranda,鄧頴怡女士 Ms. Tang Wing Yee Winnie
新界北區,佛教正慧小學,新界上水清城路6號,26689088,26680278,school@wisdom.edu.hk,http://www.wisdom.edu.hk,https://www.schooland.hk/ps/wisdom,廖小玲,釋果德女法師 Ven. Sik Ku Tay
新界北區,育賢學校,新界上水馬會道,26729917,26685879,yys@yukyinschool.edu.hk,https://www.yukyinschool.edu.hk,https://www.schooland.hk/ps/yukyin,林向榮先生 Mr. Lam Heung Wing,盧忠耀先生 Mr. Lo Chung Yiu
新界北區,石湖墟公立學校,新界上水天平邨,26721225,26685507,swhps@swhps.edu.hk,http://www.swhps.edu.hk,https://www.schooland.hk/ps/swhps,沈美芬女士 Ms. Shum Mei Fan,莊金寧博士 Dr. Chong Kam Ning
新界北區,港九電器商聯會小學,新界上水石湖墟智昌路,26723285,26737741,emaps@tungwah.org.hk,http://www.eama.edu.hk,https://www.schooland.hk/ps/eama,鄭月嫦女士 Ms. Cheng Yuet Sheung,楊燕芝女士 Ms. Yeung Yin-Chi Jennifer
新界北區,馬錦燦紀念小學,新界上水彩園邨,26711071,26711079,mkcps@tungwah.org.hk,https://www.twghmkc.edu.hk,https://www.schooland.hk/ps/twghmkc,林惠敏女士 Ms. Lam Wai Man,馬清揚先生 Mr. Ma Ching Yeung Philip
新界北區,佛教陳式宏學校,新界上水石湖墟彩園邨,26724813,26685352,school@bcsw.edu.hk,https://www.bcsw.edu.hk,https://www.schooland.hk/ps/bcsw,方子蘅女士 Ms. Fong Tze Hang,釋果德女法師 Ven. Sik Ku Tay
新界北區,金錢村何東學校,新界上水金錢村,26703849,26685391,info@ktvhts.edu.hk,http://www.ktvhts.edu.hk,https://www.schooland.hk/ps/ktvhts,吳毓琪女士 Ms. Ng Yuk Kei Cookie,侯添球先生 Mr. Hau Tim Kau
新界北區,聖公會榮真小學,新界粉嶺吉祥街3號,26703338,26682391,info@skhwc.edu.hk,http://www.skhwc.edu.hk,https://www.schooland.hk/ps/skhwc,楊靄筠女士 Ms. Yeung Oi Kwan Josephine,嚴志成博士 Dr. Yim Chi Shing
新界北區,曾梅千禧學校,新界上水清城路1號,26703111,26707117,office@tmms.edu.hk,https://www.tmms.edu.hk,https://www.schooland.hk/ps/tmms,鄧善珍女士 Miss Tang Sin Chun,李智廣先生 Mr. Lee Chee Kwong
新界北區,上水惠州公立學校,新界上水天平路51號,26731183,26685875,info@waichow.edu.hk,https://www.waichow.edu.hk,https://www.schooland.hk/ps/waichow,鄭風先生 Mr. Cheng Fung,鄧遠明先生 Mr. Tang Yuen Ming
新界北區,鳳溪第一小學,新界上水馬會道19號,26709353,26685381,info@fk1ps.edu.hk,https://www.fk1ps.edu.hk,https://www.schooland.hk/ps/fungkai,朱偉林先生 Mr. Chu Wai Lam,廖子良先生 Mr. Liu Chi Leung
新界北區,鳳溪創新小學,新界上水馬會道19號A,26392201,26727090,info@fkis.edu.hk,http://www.fkis.edu.hk,https://www.schooland.hk/ps/fkis,劉麗清女士 Ms. Lau Lai Ching,廖立志先生 Mr. Liu Lup Chi
新界北區,李志達紀念學校,新界上水天平路30號,26738581,26680223,lctms@ymail.com,https://www.lctms.edu.hk,https://www.schooland.hk/ps/lctms,趙偉光先生 Mr. Chiu Wai Kwong,李智廣先生 Mr. Lee Chee Kwong
新界北區,東莞學校,新界上水馬會道,26700334,26684311,mail@tks.edu.hk,http://www.tks.edu.hk,https://www.schooland.hk/ps/tks,吳美華,葉曜丞校監 Supervisor Yip Yiu Shing Chris
新界北區,粉嶺官立小學,新界粉嶺祥華村,26692024,26776202,fgpsa@edb.gov.hk,https://www.fgps.edu.hk,https://www.schooland.hk/ps/fgps,陳慧玲女士 Ms. Chan Wai Ling,"劉穎賢博士 Dr. Lau Wing Yin, Verena"
新界北區,五旬節靳茂生小學,新界粉嶺璧峰路4號,26700103,26685422,pgms_off@yahoo.com.hk,http://www.pgms.edu.hk,https://www.schooland.hk/ps/pgms,馬慶輝先生 Mr. Ma Hing Fai William,巫耀榮博士 Dr. Mo Yiu-Wing
新界北區,聖公會嘉福榮真小學,新界粉嶺嘉福邨,29476888,29473838,admin@skhkfwc.edu.hk,https://www.skhkfwc.edu.hk,https://www.schooland.hk/ps/skhkfwc,何盈蔚女士 Ms. Ho Ying Wai,嚴志成博士 Dr. Yim Chi Shing
新界北區,基督教粉嶺神召會小學,新界粉嶺和鳴里2號,29479966,29479922,mail@fagps.edu.hk,https://www.fagps.edu.hk,https://www.schooland.hk/ps/fagps,顏源峰先生 Mr. Ngan Yuen Fung,林巧貞博士 Dr. Lam Hau Ching
新界北區,鳳溪廖潤琛紀念學校,新界粉嶺華明邨,26772311,26757241,lys@fklys.edu.hk,https://www.fklys.edu.hk/,https://www.schooland.hk/ps/fklysms,謝盛業先生 Mr. Tse Shing Yip,廖俊業先生 Mr. Liu Chun Yip
新界北區,打鼓嶺嶺英公立學校,新界北區打鼓嶺週田村,26740538,26592061,info@lyps.edu.hk,http://www.lyps.edu.hk/,https://www.schooland.hk/ps/tkllingying,朱國強先生 Mr. Chu Kwok Keung,杜思源博士 Mr. To Anthony See Yuen
新界北區,方樹福堂基金方樹泉小學,新界粉嶺華明邨第二期,27082211,27082882,fsc@fsc.edu.hk,http://www.fsc.edu.hk,https://www.schooland.hk/ps/fsc,譚仲漢先生 Mr. Tam Chung Hon,吳俊雄先生 Mr. Ng Chun Hung
新界北區,五旬節于良發小學,新界粉嶺暉明路16號,26795626,26765434,info@pylfps.edu.hk,https://www.pylfps.edu.hk,https://www.schooland.hk/ps/pylfps,薛詠詩女士 Ms. Sit Wing Sze,黃達強先生 Mr. Wong Tat Keung Timothy
新界北區,上水宣道小學,新界粉嶺聯和墟和睦路2號,26702257,26685357,apsmail@apsss.edu.hk,http://www.apsss.edu.hk,https://www.schooland.hk/ps/apsss,區詠恩女士 Ms. Au Wing Yan Samantha,蔡健聰先生 Mr. Choy Kin Chung Gary
新界北區,粉嶺公立學校,新界粉嶺粉嶺村651號,26702297,26685371,office@flps.edu.hk,https://www.flp.edu.hk,https://www.schooland.hk/ps/flp,余美賢女士 Ms. Yee Mei Yin,彭振聲先生 Mr. Pang Chun Sing George
新界北區,佛教正覺蓮社學校,新界粉嶺一鳴路12號,26754411,26754066,school@bcklas.edu.hk,http://www.bcklas.edu.hk,https://www.schooland.hk/ps/bcklas,陳麗嫦女士 Ms. Chan Lai Sheung,釋果德女法師 Ven. Sik Ku Tay
新界北區,寶血會培靈學校,新界粉嶺安樂村安樂門街13號,26756617,26776207,office@plpb.edu.hk,http://www.plpb.edu.hk,https://www.schooland.hk/ps/plpb,吳于寧女士 Ms. Ng Yu Ning,黃麗貞校監 Ms. Wong Lai Ching
新界北區,東華三院曾憲備小學,新界粉嶺龍馬路53號,23709811,23709819,info-thpps@thpps.edu.hk,https://www.thpps.edu.hk/,https://www.schooland.hk/ps/twghthpps,簡俊達先生 Mr. Kan Chun Tat,曾慶業先生 Mr. Tseng Hing Yip York
新界北區,救世軍中原慈善基金皇后山學校,新界粉嶺龍峻路2號,31510323,31510333,QHS@hkm.salvationarmy.org,https://www.saccfqhs.edu.hk/,https://www.schooland.hk/ps/saccfqhs,陳喜泉先生 Mr. Chan Hei Chuen Tany,陳國威先生 Mr. Chan Kwok Wai
新界北區,福德學社小學,新界沙頭角山咀村,26742120,26592056,school@ftesps.edu.hk,http://www.ftesps.edu.hk,https://www.schooland.hk/ps/shantsui,陳劍青女士 Ms. Chan Kim Ching,梁志文先生 Mr. Leung Chi Man
新界北區,沙頭角中心小學,新界沙頭角沙頭角墟第四區,26749080,26592055,office@stkcps.edu.hk,https://www.stkcps.edu.hk,https://www.schooland.hk/ps/stkcps,林錦鴻先生 Mr. Lam Kam Hung,李冠洪校監 M.H. Lee Koon Hung
